-- MySQL dump 10.13  Distrib 8.0.30, for Linux (x86_64)
--
-- Host: localhost    Database: hltv
-- ------------------------------------------------------
-- Server version	8.0.30-0ubuntu0.20.04.2

/*!40101 SET @OLD_CHARACTER_SET_CLIENT=@@CHARACTER_SET_CLIENT */;
/*!40101 SET @OLD_CHARACTER_SET_RESULTS=@@CHARACTER_SET_RESULTS */;
/*!40101 SET @OLD_COLLATION_CONNECTION=@@COLLATION_CONNECTION */;
/*!50503 SET NAMES utf8mb4 */;
/*!40103 SET @OLD_TIME_ZONE=@@TIME_ZONE */;
/*!40103 SET TIME_ZONE='+00:00' */;
/*!40014 SET @OLD_UNIQUE_CHECKS=@@UNIQUE_CHECKS, UNIQUE_CHECKS=0 */;
/*!40014 SET @OLD_FOREIGN_KEY_CHECKS=@@FOREIGN_KEY_CHECKS, FOREIGN_KEY_CHECKS=0 */;
/*!40101 SET @OLD_SQL_MODE=@@SQL_MODE, SQL_MODE='NO_AUTO_VALUE_ON_ZERO' */;
/*!40111 SET @OLD_SQL_NOTES=@@SQL_NOTES, SQL_NOTES=0 */;

--
-- Table structure for table `map`
--

DROP TABLE IF EXISTS `map`;
/*!40101 SET @saved_cs_client     = @@character_set_client */;
/*!50503 SET character_set_client = utf8mb4 */;
CREATE TABLE `map` (
  `id` int NOT NULL,
  `name` varchar(10) DEFAULT NULL,
  PRIMARY KEY (`id`)
) ENGINE=InnoDB DEFAULT CHARSET=utf8mb4 COLLATE=utf8mb4_0900_ai_ci;
/*!40101 SET character_set_client = @saved_cs_client */;

--
-- Dumping data for table `map`
--

LOCK TABLES `map` WRITE;
/*!40000 ALTER TABLE `map` DISABLE KEYS */;
INSERT INTO `map` VALUES (0,'Mirage'),(1,'Inferno'),(2,'Ancient'),(3,'Overpass'),(4,'Vertigo'),(5,'Dust 2'),(6,'Nuke');
/*!40000 ALTER TABLE `map` ENABLE KEYS */;
UNLOCK TABLES;

--
-- Table structure for table `player`
--

DROP TABLE IF EXISTS `player`;
/*!40101 SET @saved_cs_client     = @@character_set_client */;
/*!50503 SET character_set_client = utf8mb4 */;
CREATE TABLE `player` (
  `id` int NOT NULL,
  `name` varchar(255) DEFAULT NULL,
  `age` int DEFAULT NULL,
  `team_id` int DEFAULT NULL,
  `nickname` varchar(255) DEFAULT NULL,
  `mapsPlayed` int DEFAULT NULL,
  `kd` float DEFAULT NULL,
  `rating` float DEFAULT NULL,
  `image` varchar(500) DEFAULT NULL,
  PRIMARY KEY (`id`),
  KEY `FK_PlayerTeam` (`team_id`),
  CONSTRAINT `FK_PlayerTeam` FOREIGN KEY (`team_id`) REFERENCES `team` (`id`)
) ENGINE=InnoDB DEFAULT CHARSET=utf8mb4 COLLATE=utf8mb4_0900_ai_ci;
/*!40101 SET character_set_client = @saved_cs_client */;

--
-- Dumping data for table `player`
--

LOCK TABLES `player` WRITE;
/*!40000 ALTER TABLE `player` DISABLE KEYS */;
INSERT INTO `player` VALUES (7,'Michael Jørgensen',33,NULL,'Friis',938,1.05,1.01,NULL),(29,'Patrik Lindberg',34,NULL,'f0rest',2089,1.16,1.1,NULL),(39,'Christopher Alesund',32,NULL,'GeT_RiGhT',1745,1.15,1.09,NULL),(41,'Markus Wallsten',31,NULL,'pronax',1199,0.89,0.89,NULL),(44,'André Möller',32,NULL,'BARBARR',876,1,0.99,NULL),(136,'Fatih Dayik',35,7532,'gob b',975,0.84,0.85,'https://img-cdn.hltv.org/playerbodyshot/jF8ku64hnKX_k0te0OXzJO.png?ixlib=java-2.1.0&w=400&s=22657194f0cdedc8dfdd6804c6627094'),(147,'Christophe Xia',31,7674,'SIXER',1087,1.05,1,'https://img-cdn.hltv.org/playerbodyshot/ay828WE57VufgQbHCw3Ftl.png?ixlib=java-2.1.0&w=400&s=d2c9a41895ba54b55eee090b6749f085'),(150,'Engin Küpeli',31,11251,'MAJ3R',1050,0.97,0.96,'https://img-cdn.hltv.org/playerbodyshot/jphfi1DqlMXSbxwvxfEIEc.png?ixlib=java-2.1.0&w=400&s=afdca385de9f14a3db67f851be3d2908'),(161,'Wiktor Wojtas',36,10737,'TaZ',2163,0.96,0.95,'https://img-cdn.hltv.org/playerbodyshot/GoZaonosDgWo6JnK4hokRV.png?ixlib=java-2.1.0&w=400&s=6ea2d6a05589bf83d80120d52a05ea91'),(165,'Filip Kubski',35,10737,'NEO',2030,0.96,0.95,'https://img-cdn.hltv.org/playerbodyshot/Vv3K-_TwJwF3EfCqsSd5eC.png?ixlib=java-2.1.0&w=400&s=2b7036817afc2acf67a5c5ef2ba6cb60'),(169,'Renato Nakano',35,NULL,'nak',514,0.92,0.92,NULL),(180,'Bin Liu',33,11081,'Savage',836,1.14,1.08,'https://img-cdn.hltv.org/playerbodyshot/ZZYJ5jz2MnBbWlOW1TuQMA.png?ixlib=java-2.1.0&w=400&s=14cd9a035b11bf434bda6248d3562aea'),(203,'Jordan Gilbert',31,NULL,'n0thing',813,1.03,1.02,NULL),(205,'Min-Soo Kim',34,NULL,'glow',395,0.98,0.96,NULL),(284,'Audric Jug',30,5995,'JACKZ',1096,0.99,0.98,'https://img-cdn.hltv.org/playerbodyshot/x3TUoCWxEbohFyDArAc-UF.png?ixlib=java-2.1.0&w=400&s=101c62334d2386900b802954808b3b76'),(302,'Emil Akhundov',33,NULL,'kUcheR',852,0.99,0.97,NULL),(303,'Sergey Ischuk',34,NULL,'starix',630,0.98,0.96,NULL),(317,'Jarosław Jarząbkowski',34,NULL,'pashaBiceps',1592,1.04,1.02,NULL),(329,'David de Miguel',34,NULL,'Kairi',404,0.97,0.96,NULL),(334,'Dauren Kystaubayev',32,NULL,'AdreN',1767,0.99,0.98,NULL),(338,'Yegor Markelov',34,NULL,'markeloff',1143,1.03,0.99,NULL),(339,'Kirill Karasiow',32,NULL,'ANGE1',1728,0.98,0.99,NULL),(356,'Omar Chakkor',32,10567,'arki',889,0.92,0.92,'https://img-cdn.hltv.org/playerbodyshot/jZjmeQBd7R0GDtdsC55Lpb.png?ixlib=java-2.1.0&w=400&s=528aab8b718bfb7583cb87dd1e2cc022'),(429,'Finn Andersen',32,6667,'karrigan',2031,0.9,0.91,'https://img-cdn.hltv.org/playerbodyshot/_yByL-S5oSUgLpkQedassf.png?ixlib=java-2.1.0&w=400&s=932041b457de03d5c36a28f2557fbc24'),(472,'Andrey Gorodenskiy',35,4608,'B1ad3',899,0.8,0.83,'https://img-cdn.hltv.org/gallerypicture/Hsj9uzrYiCtdt8zOdaGUrk.jpg?bg=3e4c54&h=200&ixlib=java-2.1.0&rect=14%2C0%2C465%2C465&w=200&s=6c74ed20838a52e7c31ccec7bdcffa0d'),(483,'Ioann Sukhariev',34,11801,'Edward',1477,1.03,1,'https://img-cdn.hltv.org/playerbodyshot/zjXbmsy5Ec2tPtIgMFMfeS.png?ixlib=java-2.1.0&w=400&s=b485f819792566a3f9b585864552b629'),(484,'Danylo Teslenko',34,NULL,'Zeus',1405,0.92,0.92,NULL),(499,'Dmitry Bogdanov',35,10831,'hooch',894,0.89,0.9,'https://img-cdn.hltv.org/playerbodyshot/42YIEqEPIJ97hRj_1fzpzE.png?ixlib=java-2.1.0&w=400&s=a068ff57bd27746543ec8c613b2103e6'),(545,'Andreas Fridh',33,10954,'MODDII',1170,1.02,1,'https://img-cdn.hltv.org/playerbodyshot/SoSh5TalRcZuvYN9FFayLW.png?ixlib=java-2.1.0&w=400&s=da838237462c29d339636bced3ced7ba'),(555,'Bruno Fukuda Lima',32,9215,'BIT',735,1,0.98,'https://img-cdn.hltv.org/playerbodyshot/3rU656F6AxdSnCnpv59ju2.png?ixlib=java-2.1.0&w=400&s=d7f5783e60d60934a347e54938429c10'),(557,'Lincoln Lau',32,9455,'fnx',689,1.06,1.02,'https://img-cdn.hltv.org/playerbodyshot/BHpm88VLDHc3tC4XCaba99.png?ixlib=java-2.1.0&w=400&s=2f8dff61a7520361c9fa9d2154bd4427'),(629,'Ricardo Pacheco',35,11569,'fox',1058,1.03,1.02,'https://img-cdn.hltv.org/playerbodyshot/ctQltW4WtAmW-9XuV-C1VT.png?ixlib=java-2.1.0&w=400&s=53959bb9475742cc79e780ec6b6678bb'),(630,'Christopher Fernandes',29,10567,'MUTiRiS',1235,1.01,1,'https://img-cdn.hltv.org/playerbodyshot/Q6dpqrvL8Z3RUt5-65QtAD.png?ixlib=java-2.1.0&w=400&s=898f44f4d38f6b16694abcc055bf2e86'),(695,'Aleksi Jalli',30,11520,'allu',1615,1.16,1.09,'https://img-cdn.hltv.org/playerbodyshot/5kX6vHZyET7WnPT9VZeje_.png?ixlib=java-2.1.0&w=400&s=56a5d8dddad10a14e913a4ac9fff2363'),(735,'Mihail Stolyarov',34,NULL,'Dosia',1431,1.01,0.99,NULL),(798,'Tomáš Šťastný',31,11562,'oskar',1460,1.2,1.13,'https://img-cdn.hltv.org/playerbodyshot/mjBxt791pOK0oZJT3iLjsM.png?ixlib=java-2.1.0&w=400&s=39048c81712640125f5fab6746f24403'),(823,'Mathieu Quiquerez',32,NULL,'Maniac',837,0.97,0.96,NULL),(839,'BingYuan Li',31,11544,'tb',619,1.07,1.03,'https://img-cdn.hltv.org/playerbodyshot/YOP2MqI663ZJm6dRPzLSY0.png?ixlib=java-2.1.0&w=400&s=4f3846a0d4cf49134cccf613f92a286b'),(884,'Richard Landström',31,7175,'Xizt',1665,1.02,0.98,'https://img-cdn.hltv.org/playerbodyshot/Qgnv-BdISCQ2oRoPEbzLJD.png?ixlib=java-2.1.0&w=400&s=aa1753f75f87d5532552c05dba652a46'),(885,'Olof Kajbjer',30,6667,'olofmeister',1560,1.1,1.06,'https://img-cdn.hltv.org/playerbodyshot/T4k2BS5NnPAoyh8yeg28MK.png?ixlib=java-2.1.0&w=400&s=4208875ed366e4d5d68a7edd7f947d6d'),(921,'Danny Krüger',32,8637,'BERRY',802,0.85,0.87,'https://img-cdn.hltv.org/playerbodyshot/B3hUVRNLF_DZVA5wBnwX6H.png?ixlib=java-2.1.0&w=400&s=9ea9002a61b63bb249d115f344ba352a'),(922,'Marco Pfeiffer',32,4869,'Snappi',1591,0.97,0.96,'https://img-cdn.hltv.org/playerbodyshot/p3r7z7KJGp1cVNYHYOYNvE.png?ixlib=java-2.1.0&w=400&s=9b60e8c0dd66e4ceea38809e61f189e0'),(964,'Rustem Telepov',30,NULL,'mou',1489,1.1,1.05,NULL),(971,'Jesse Grandell',32,NULL,'KHRN',935,0.98,0.97,NULL),(973,'Grzegorz Dziamałek',31,NULL,'SZPERO',2058,1.02,1,NULL),(1045,'Mikail Bill',31,NULL,'Maikelele',1067,1.05,1.01,NULL),(1064,'Christian Schmitt',30,11672,'crisby',1209,0.92,0.93,'https://img-cdn.hltv.org/playerbodyshot/IbMlqFDCSUObTOdc5_ahTg.png?ixlib=java-2.1.0&w=400&s=ef697276feb7d2726355cfe82561fd1d'),(1088,'Anatoliy Yashin',33,5310,'liTTle',458,1.2,1.12,'https://img-cdn.hltv.org/gallerypicture/kNd4ooxaZZGZp7br2IMvF1.jpg?bg=3e4c54&h=200&ixlib=java-2.1.0&rect=1094%2C46%2C927%2C927&w=200&s=e0a388e4b415d34c58d12efb1dd92b21'),(1146,'Dennis Edman',31,NULL,'dennis',1575,1.04,1.03,NULL),(1154,'Roman Redihin',33,NULL,'roman',414,0.91,0.91,NULL),(1200,'Kirill Tsarev',32,11094,'hitMouse',538,0.93,0.92,'https://img-cdn.hltv.org/gallerypicture/ZX1VFhGHvd9tMwQkfJgmya.jpg?bg=3e4c54&h=200&ixlib=java-2.1.0&rect=678%2C117%2C706%2C706&w=200&s=f1546a9f83625cb55e2167c3477f592a'),(1206,'Cătălin-Ionuț Stănescu',33,7187,'BTN',1069,0.9,0.92,'https://img-cdn.hltv.org/playerbodyshot/ugOjE97_hFfgF811FH9zcW.png?ixlib=java-2.1.0&w=400&s=743ca7a4e29304d81768862ebb8b4e23'),(1225,'Richard Papillon',30,5973,'shox',2018,1.11,1.07,'https://img-cdn.hltv.org/playerbodyshot/BNvkpn_UKMq8OGM0_P44No.png?ixlib=java-2.1.0&w=400&s=f1396667d4aa9086322ac4fad59a0280'),(1278,'Nikolay Paunin',30,NULL,'pNshr',595,0.92,0.92,NULL),(1328,'Kyle Mendez',31,NULL,'flowsicK',395,0.86,0.87,NULL),(1331,'David Garrido',35,NULL,'Xp3',502,0.91,0.92,NULL),(1378,'Jesse Linjala',30,7865,'zehN',1073,1.13,1.09,'https://img-cdn.hltv.org/playerbodyshot/U4OQ_kLcONFWc9xnohIgVV.png?ixlib=java-2.1.0&w=400&s=0b5cb18e5918fd47742bdd00c7e65d84'),(1485,'Ruben Villarroel',28,NULL,'RUBINO',998,0.99,0.98,NULL),(1866,'Oleksandr Hordieyev',29,11801,'Shara',383,0.9,0.91,'https://img-cdn.hltv.org/gallerypicture/EK9EeZUj5u0mnJl30_OOU0.jpg?bg=3e4c54&h=200&ixlib=java-2.1.0&rect=1096%2C20%2C1011%2C1011&w=200&s=2de11a5f8955f6cdbc7826a38b601f81'),(1883,'Nicolai Jensen',28,NULL,'glace',589,1.04,1,NULL),(1889,'Frederik Nielsen',28,NULL,'LOMME',623,0.95,0.94,NULL),(1915,'Kory Friesen',33,11571,'SEMPHIS',848,1,0.99,'https://img-cdn.hltv.org/gallerypicture/dD4HfS9nnh-XAtbHkf3Wh8.jpg?bg=3e4c54&h=200&ixlib=java-2.1.0&rect=1027%2C864%2C1920%2C1920&w=200&s=3ea1cd9be95c56c5f94b2504e6802c68'),(1916,'Sean Gares',34,9523,'seang@res',713,0.87,0.88,'https://img-cdn.hltv.org/gallerypicture/PF8VnVCFllUMEJm7ziStqx.jpg?bg=3e4c54&h=200&ixlib=java-2.1.0&rect=1566%2C227%2C1417%2C1417&w=200&s=b1c6defbb92f7c437442756e048b620a'),(1950,'Anton Kolesnikov',29,11771,'tonyblack',826,0.95,0.94,'https://img-cdn.hltv.org/playerbodyshot/nn5sULjNxeuVP4IL2hpN_I.png?ixlib=java-2.1.0&w=400&s=7f4b72b05af913362c45484037106407'),(1964,'Slaava Räsänen',35,11520,'Twista',380,0.84,0.85,'https://img-cdn.hltv.org/gallerypicture/pHjsyc8JBFW6pESz8z3Ec8.jpg?bg=3e4c54&h=200&ixlib=java-2.1.0&rect=136%2C418%2C1818%2C1818&w=200&s=1665de733b23ee0f4ea6cfddff6b03ff'),(2007,'Mike Aliferis',34,11726,'ap0c',931,1.01,1.01,'https://img-cdn.hltv.org/playerbodyshot/-oKDHW1eIL_yxxJfum7-UC.png?ixlib=java-2.1.0&w=400&s=94ab9341bb6d384659207db5de57f708'),(2023,'Gabriel Toledo',31,9455,'FalleN',1583,1.15,1.06,'https://img-cdn.hltv.org/playerbodyshot/Dygd2WfFl-F6yR_47baJcT.png?ixlib=java-2.1.0&w=400&s=f5bb2e1d71042e5ce043f129a5941264'),(2131,'Vladyslav Nechyporchuk',29,11801,'bondik',1458,1.06,1.02,'https://img-cdn.hltv.org/playerbodyshot/1MtalAJfBBtA1w0BRyZ2YZ.png?ixlib=java-2.1.0&w=400&s=5c96992df2058e759bf4278c1e88bf52'),(2148,'Tahsin Broschk',31,NULL,'tahsiN',591,0.94,0.96,NULL),(2161,'Nicolás Dávila',29,7653,'Noktse',789,1.02,1,'https://img-cdn.hltv.org/playerbodyshot/R4vkBy2YRBW871ltbJ4PtA.png?ixlib=java-2.1.0&w=400&s=77ef0a9214fb4fe827b53907a12acb5b'),(2241,'Ricardo Oliveira',30,10567,'rmn',1129,1,0.99,'https://img-cdn.hltv.org/playerbodyshot/acYaCee9zF6d3PYQ7PO26D.png?ixlib=java-2.1.0&w=400&s=a8c843e567fd07950d203f58abd38266'),(2260,'Rui Lima',29,4981,'RIZZZ',422,0.93,0.94,'https://img-cdn.hltv.org/playerbodyshot/Q7lg7xinXmTR71is_OeXf6.png?ixlib=java-2.1.0&w=400&s=88cdf03a60d742370281a5241fb9fd7b'),(2292,'Lei Li',32,NULL,'forget',442,0.91,0.94,NULL),(2299,'Anel Ceković',28,11386,'NENO',664,1.05,1.02,'https://img-cdn.hltv.org/gallerypicture/pOigct18VCVXMlNgRY_7U5.jpg?bg=3e4c54&h=200&ixlib=java-2.1.0&rect=1110%2C345%2C2553%2C2553&w=200&s=f896063cf1bff2cd6b5bba731731847e'),(2398,'Alexander Carlsson',29,NULL,'SKYTTEN',382,1.05,1.02,NULL),(2469,'René Borg',32,11536,'cajunb',1745,1.1,1.05,'https://img-cdn.hltv.org/playerbodyshot/C0uM9seVA-flpMo4xmaWAh.png?ixlib=java-2.1.0&w=400&s=3243385769510e5a3efe5cebe657e65e'),(2476,'Luka Vuković',28,NULL,'emi',1073,0.94,0.93,NULL),(2529,'Pedro Campos',32,6947,'Maluk3',1064,1.06,1.02,'https://img-cdn.hltv.org/playerbodyshot/atuMnESWXwSqYxLqOS_dWP.png?ixlib=java-2.1.0&w=400&s=8a9942f7f28ee902e6e0a62755833686'),(2544,'Victor Monteiro',28,11768,'remix',393,1.08,1.05,'https://img-cdn.hltv.org/playerbodyshot/vvpxUvOaXF6paeb5n07BEW.png?ixlib=java-2.1.0&w=400&s=a035e5348c6397edb5ff6441c36da739'),(2553,'Janusz Pogorzelski',29,NULL,'Snax',2127,1.08,1.04,NULL),(2555,'Yaman Ergenekon',33,NULL,'yam',547,1.07,1.03,NULL),(2644,'Spencer Martin',32,NULL,'Hiko',937,1.1,1.04,NULL),(2730,'Chris de Jong',32,NULL,'chrisJ',1727,1.04,1.01,NULL),(2757,'Ladislav Kovács',31,10695,'GuardiaN',1578,1.18,1.11,'https://img-cdn.hltv.org/playerbodyshot/yAqXqbDzYSFWZUNvMhdI07.png?ixlib=java-2.1.0&w=400&s=ad758e9a7138ef56ca6cd71dbccb90c0'),(2799,'Kamen Kostadinov',30,10386,'bubble',2219,1.01,0.99,'https://img-cdn.hltv.org/playerbodyshot/hbKdSNJlXcQpRv31nCrydt.png?ixlib=java-2.1.0&w=400&s=7b1a2a2545af6487299a1e34c6e9a3de'),(2826,'Jacek Jeziak',28,NULL,'MINISE',1871,1.02,1,NULL),(2898,'Rasmus Steensborg',26,8637,'raalz',958,0.98,0.97,'https://img-cdn.hltv.org/playerbodyshot/4Dv4s6fAuV_p3Z6ywWIoAU.png?ixlib=java-2.1.0&w=400&s=40c2d3a91628cc4fb8c6ec66ad87157d'),(3055,'Robin Rönnquist',28,11737,'flusha',1893,1.08,1.04,'https://img-cdn.hltv.org/playerbodyshot/a_veCKLxdOAKN3abx0HOOp.png?ixlib=java-2.1.0&w=400&s=0044c462967121ccc6885343575671ce'),(3183,'Emiliyan Dimitrov',32,9863,'spyleadeR',899,1.01,1.01,'https://img-cdn.hltv.org/gallerypicture/gSDMOomkkqSlDPURlVarHf.jpg?bg=3e4c54&h=200&ixlib=java-2.1.0&rect=2319%2C43%2C1705%2C1705&w=200&s=81741c1fa81cb4fce8b5dab9d37bd441'),(3252,'Nikola Ninić',31,NULL,'LEGIJA',869,0.9,0.91,NULL),(3329,'Max Lindkvist',29,9735,'quix',937,0.9,0.93,'https://img-cdn.hltv.org/playerbodyshot/ISm9jjF7lbcrp2pqqDmOH4.png?ixlib=java-2.1.0&w=400&s=2f6101b26c6efeabb61dcae769bc9fb7'),(3347,'Denis Kostin',27,8065,'seized',1507,0.98,0.97,'https://img-cdn.hltv.org/playerbodyshot/7DB1GFfGsuasxRYJ4-gSUX.png?ixlib=java-2.1.0&w=400&s=f3d5f1ef48bb4075c9adb46257119095'),(3410,'Vladimir Neskey',29,NULL,'ROBO',667,1.05,1.02,NULL),(3459,'Semyon Lisitsyn',30,11136,'kinqie',631,0.95,0.96,'https://img-cdn.hltv.org/playerbodyshot/kzMS78J6AyygYo2OPY0sfD.png?ixlib=java-2.1.0&w=400&s=a97856e58579e12e8f490e82ae6a5e59'),(3517,'Oliver Heck',32,11060,'kzy',986,0.95,0.94,'https://img-cdn.hltv.org/playerbodyshot/RJ1DZnHTb1BCZ6y1PQ1gmT.png?ixlib=java-2.1.0&w=400&s=27745fb2fc07f7bc94f338484bd05c9d'),(3543,'Đorđe Niciforović',29,10762,'DJOXiC',489,1.15,1.08,'https://img-cdn.hltv.org/playerbodyshot/FLmKi_qAk9pHNqNmPfI44z.png?ixlib=java-2.1.0&w=400&s=c670aea87ebc3ce220a74d1d918f95c3'),(3631,'Pål Kammen',31,9806,'Polly',460,0.93,0.93,'https://img-cdn.hltv.org/playerbodyshot/ASIFTAPyfJ8Anfh7XWWZRq.png?ixlib=java-2.1.0&w=400&s=03f30b0f3b865df075ed1f2a568eca5e'),(3669,'Paweł Mocek',28,10973,'innocent',1781,1.02,1,'https://img-cdn.hltv.org/playerbodyshot/3heI2WYCK8HhMi6BHWKfPO.png?ixlib=java-2.1.0&w=400&s=821539994136c5334471394ed65908af'),(3730,'Petar Dimitrijević',30,4803,'HOLMES',459,0.96,0.96,'https://img-cdn.hltv.org/playerbodyshot/6wukyyM8no-jrf_fwSH3fW.png?ixlib=java-2.1.0&w=400&s=9cf320747419535ffbdb38d0ea185ae3'),(3732,'Dimitrije Veljković',28,11813,'DiMKE',641,1.04,1.03,'https://img-cdn.hltv.org/playerbodyshot/HgcFHWdqf_tQcM4MPp8SX-.png?ixlib=java-2.1.0&w=400&s=ed903d12dc55f32c5bc7d3afe77c344b'),(3741,'Nikola Kovač',25,5995,'NiKo',1637,1.19,1.15,'https://img-cdn.hltv.org/playerbodyshot/JDxiCoK-7_ZeBNCLNiSvFX.png?ixlib=java-2.1.0&w=400&s=d3ec14d8bad0ce37f4db73f1a82af92f'),(3847,'Andreas Lindberg',29,NULL,'znajder',1050,1.06,1.03,NULL),(3849,'Jesper Wecksell',27,11737,'JW',1955,1.07,1.05,'https://img-cdn.hltv.org/playerbodyshot/XIhLIDzqnZwQcSyYJ3q1eG.png?ixlib=java-2.1.0&w=400&s=54a6a85a5b218cba5c56ea4a01f17ad9'),(3886,'Sebastian Bucki',31,NULL,'seb',603,0.98,0.97,NULL),(3972,'Nemanja Kovač',26,5995,'huNter-',1474,1.16,1.12,'https://img-cdn.hltv.org/playerbodyshot/Gt-t5B9h3GI2DMgqbs5t7V.png?ixlib=java-2.1.0&w=400&s=fb8ca1ae044a1e8d3702c9ab2e8af4fe'),(3997,'Christian Garcia Antoran',25,NULL,'loWel',1008,1.1,1.05,NULL),(4076,'Jani Jussila',29,7865,'Aerial',943,1.07,1.05,'https://img-cdn.hltv.org/playerbodyshot/0ML9SHeImlEbtgn0wcpk4f.png?ixlib=java-2.1.0&w=400&s=76642faf795ab7a2749d81f1618f331a'),(4216,'Nestor Tanić',29,4863,'LETN1',1111,1.06,1.02,'https://img-cdn.hltv.org/playerbodyshot/aS_iYY8qP9n4NgKb85G9gQ.png?ixlib=java-2.1.0&w=400&s=7a1958046e273932bb340041012c4b38'),(4218,'David Miljanić',30,4803,'Dav',468,0.9,0.91,'https://img-cdn.hltv.org/playerbodyshot/Eh3-6BMsJzEtDH2N7v5YUR.png?ixlib=java-2.1.0&w=400&s=7dfc3cec3e265455202124483921e788'),(4373,'Rajohn Linato',28,NULL,'EasTor',500,1.04,1.01,NULL),(4576,'Miloš Marčeta',26,11525,'dEE',449,1.07,1.03,'https://img-cdn.hltv.org/playerbodyshot/DGko4i7pWCB9jwuCGIAsEL.png?ixlib=java-2.1.0&w=400&s=3dc1c80d3d724001e0882144afdc2df6'),(4637,'Min-Seok Park',33,NULL,'zeff',482,1.01,1,NULL),(4679,'Justin Savage',26,5005,'jks',1183,1.12,1.07,'https://img-cdn.hltv.org/playerbodyshot/5OEpv2cUmQD43fgys0vD2a.png?ixlib=java-2.1.0&w=400&s=e7ed6768fe483ad28b1a143ddcd4e4e8'),(4726,'Costin Vrînceanu',28,NULL,'jaxi',472,1.02,0.99,NULL),(4829,'Wiktor Kruk',26,NULL,'mynio',768,0.92,0.93,NULL),(4954,'Andreas Højsleth',26,6665,'Xyp9x',1984,1.07,1.02,'https://img-cdn.hltv.org/playerbodyshot/_O_rLyH5KqS0ZRjomxJaU6.png?ixlib=java-2.1.0&w=400&s=be96b6cea1b45c2bd6eb94d3a6bb0826'),(4959,'Fabien Fiey',28,NULL,'kioShiMa',1495,1.05,1.01,NULL),(5021,'Braxton Pierce',25,NULL,'swag',556,1.18,1.1,NULL),(5045,'Erik Sundeqvist',27,NULL,'zende',397,1,0.98,NULL),(5061,'Martin Wessel',28,NULL,'PERCY',1030,0.98,0.98,NULL),(5187,'Ke Liu',33,11273,'captainMo',814,1.04,1.03,'https://img-cdn.hltv.org/playerbodyshot/NjSATXBpUcKIbkWNxwlzds.png?ixlib=java-2.1.0&w=400&s=0899d4c78bb8fbbcd9d35313710854a8'),(5287,'Jesper Plougmann',28,11401,'TENZKI',1494,1.05,1.02,'https://img-cdn.hltv.org/playerbodyshot/ONdE6tHjk4r0dkfslCKamI.png?ixlib=java-2.1.0&w=400&s=26e374523ac451889abf413e6ac3b930'),(5327,'Nikolay Krastev',28,NULL,'nkl',642,0.91,0.9,NULL),(5351,'Filip Belojica',25,11813,'aVN',556,0.93,0.92,'https://img-cdn.hltv.org/playerbodyshot/bEFGODV11TcBZqaDiO6DWO.png?ixlib=java-2.1.0&w=400&s=27222a51ae227343e255184d9755e39d'),(5373,'Jerry Råberg',29,4413,'xelos',438,1,0.99,'https://img-cdn.hltv.org/playerbodyshot/6uzge9Xpb5zn_UELOsm7Ju.png?ixlib=java-2.1.0&w=400&s=3a7a14c98853b3c44fbc8417d3bd82d7'),(5385,'Maciek Bugaj',28,11387,'Luz',651,0.92,0.92,'https://img-cdn.hltv.org/playerbodyshot/tm-11v09nno-gHWMi6qaG9.png?ixlib=java-2.1.0&w=400&s=be5499c9ece92bee8d8b978c54938d73'),(5386,'Paweł Bieliński',28,11387,'byali',1887,1.04,1.01,'https://img-cdn.hltv.org/playerbodyshot/PABwy0teeQqJ8msmZi9dz3.png?ixlib=java-2.1.0&w=400&s=1b8eaa9dcfba3af39e8784062a456181'),(5388,'Karol Rodowicz',28,NULL,'rallen',1755,1.1,1.05,NULL),(5440,'Viktor Tamás Bea',26,6242,'flashie',594,0.95,0.95,'https://img-cdn.hltv.org/playerbodyshot/VZsnOKgPqmq6mUPLEmzO3W.png?ixlib=java-2.1.0&w=400&s=1b4f29c71f52d7669fd9503f3a2dea03'),(5479,'Miikka Kemppi',27,11562,'suNny',1313,1.07,1.06,'https://img-cdn.hltv.org/playerbodyshot/aOl0wVYiFnxb9z_TUtBcT2.png?ixlib=java-2.1.0&w=400&s=d82e637bafc4c04aee534fe979e8f3f6'),(5736,'Vito Giuseppe',29,NULL,'kNgV-',827,1.17,1.12,NULL),(5792,'Joao Ferreira',29,NULL,'KILLDREAM',429,1,1,NULL),(5794,'Johannes Wodarz',27,7532,'tabseN',1953,1.04,1.05,'https://img-cdn.hltv.org/playerbodyshot/ZMISTNS5p4X3Hz1oe0_s4y.png?ixlib=java-2.1.0&w=400&s=ef1bbfec8b3662d5dd9db6616694f3d5'),(5796,'Tizian Feldbusch',26,7532,'tiziaN',1770,0.97,0.96,'https://img-cdn.hltv.org/playerbodyshot/yngiUWLCz_DRMREjyNMP9t.png?ixlib=java-2.1.0&w=400&s=5d9432c5ba0bc52ab4c613aa4ccba008'),(5799,'Kevin Bartholomäus',30,NULL,'keev',594,1.12,1.08,NULL),(6451,'Pujan Mehta',30,NULL,'FNS',953,0.89,0.89,NULL),(6453,'Arya Hekmat',29,NULL,'arya',440,0.89,0.92,NULL),(6455,'Kyle O\'Brien',35,NULL,'OCEAN',410,0.74,0.77,NULL),(6593,'Vinicios Coelho',28,4773,'PKL',1158,0.98,0.97,'https://img-cdn.hltv.org/playerbodyshot/iboFDqEUZ7XZoFhD7_OQjx.png?ixlib=java-2.1.0&w=400&s=776417fbfa709ff824a714525255822e'),(6904,'Martin Styk',26,9806,'STYKO',1569,1.02,1,'https://img-cdn.hltv.org/playerbodyshot/9xgJmAytwH1wJiKo-gCFLs.png?ixlib=java-2.1.0&w=400&s=05a467677465b58e335a2d405081aa54'),(7016,'Zhen Huang',32,10860,'HZ',500,1.08,1.05,'https://img-cdn.hltv.org/playerbodyshot/N9Cz97arnt1NFoMCpGum7x.png?ixlib=java-2.1.0&w=400&s=3ea4b48e4387a027912e9cdbf32a7ba6'),(7026,'Hui Wu',27,NULL,'DD',913,1.1,1.07,NULL),(7028,'YuLun Cai',25,4863,'Summer',1268,1.13,1.08,'https://img-cdn.hltv.org/playerbodyshot/9JJuSep-qxc_ikof9U-T3-.png?ixlib=java-2.1.0&w=400&s=d3548560b81f90c2ffd64e8638704ee2'),(7131,'Hansel Ferdinand',26,4863,'BnTeT',1033,1.23,1.15,'https://img-cdn.hltv.org/playerbodyshot/Jd7PAn8LUNPZeHvJdeAPJv.png?ixlib=java-2.1.0&w=400&s=1bc0080f1f3b7ea6c6d0ec6b73b31a87'),(7147,'Robin Johansson',34,NULL,'Fifflaren',538,0.99,0.94,NULL),(7148,'Adam Friberg',30,NULL,'friberg',1957,0.95,0.95,NULL),(7154,'Jacob Winneche',26,NULL,'Pimp',976,1.13,1.07,NULL),(7156,'Mathias Lauridsen',27,11562,'MSL',1718,0.9,0.92,'https://img-cdn.hltv.org/playerbodyshot/vC76L4VR7fSXQkR9yNRVgP.png?ixlib=java-2.1.0&w=400&s=caf6823cf2448d869c82054bc11f696d'),(7166,'Kévin Droolans',32,NULL,'Ex6TenZ',1393,0.96,0.94,NULL),(7167,'Kenny Schrub',27,5995,'kennyS',1852,1.21,1.13,'https://img-cdn.hltv.org/playerbodyshot/axSL5Ohh0Eew7VWavcPXsH.png?ixlib=java-2.1.0&w=400&s=c2910e9af97003c626b432d892b80d68'),(7168,'Nathan Schmitt',28,4494,'NBK-',2051,1.04,1.02,'https://img-cdn.hltv.org/playerbodyshot/mEo2rAeR4OJRSGxBm7ZFq3.png?ixlib=java-2.1.0&w=400&s=b03034bcce8e566a8b73aa585675a4d3'),(7169,'Cédric Guipouy',32,NULL,'RpK',1499,0.98,0.97,NULL),(7170,'Edouard Dubourdeaux',33,NULL,'SmithZz',1161,0.97,0.96,NULL),(7214,'Hendrik Goetzendorff',31,NULL,'strux1',403,0.96,0.95,NULL),(7217,'Manuel Zeindler',35,NULL,'SolEk',377,0.81,0.84,NULL),(7218,'Kevin Amend',29,10968,'kRYSTAL',1864,0.9,0.9,'https://img-cdn.hltv.org/playerbodyshot/RN_QgHtvC2lIGzwQq9RX4K.png?ixlib=java-2.1.0&w=400&s=6d84835a7c0eb97d476967f79a4efbfc'),(7248,'Sami Laasanen',27,7865,'xseveN',1275,1.02,1,'https://img-cdn.hltv.org/playerbodyshot/jFS1AIUIKcBZlektczR0cZ.png?ixlib=java-2.1.0&w=400&s=445527b5db423e1a8503e7df325a68d8'),(7253,'Joshua Nissan',32,NULL,'steel',617,1.02,1.02,NULL),(7256,'Johannes Maget',30,NULL,'nex',1074,1.13,1.09,NULL),(7266,'Florian Rische',26,7532,'syrsoN',1735,1.16,1.09,'https://img-cdn.hltv.org/playerbodyshot/G3MPAUzFYwYxgMQiDQF5de.png?ixlib=java-2.1.0&w=400&s=d32633c0de1f1cf34d35ee214f638cc0'),(7296,'Reece Marrs',28,11118,'Puls3',436,1.01,0.99,'https://img-cdn.hltv.org/gallerypicture/cFsDGH4uVcKRduXurESM-_.jpg?bg=3e4c54&h=200&ixlib=java-2.1.0&rect=707%2C216%2C674%2C674&w=200&s=2087f0d393e534adf10e051d885e6b02'),(7322,'Dan Madesclaire',29,9565,'apEX',2003,1.02,1.02,'https://img-cdn.hltv.org/playerbodyshot/jJL_VVnul1cck2hGhf5CFz.png?ixlib=java-2.1.0&w=400&s=e73355723304161709341038103c2ecb'),(7356,'Michał Müller',25,NULL,'MICHU',1732,1.1,1.08,NULL),(7368,'Bartosz Wolny',32,NULL,'Hyper',646,0.99,0.96,NULL),(7369,'Piotr Ćwikliński',31,NULL,'peet',379,1.01,1,NULL),(7378,'Jonatan Lundberg',31,11401,'Devilwalk',400,0.85,0.86,'https://img-cdn.hltv.org/playerbodyshot/6DyDM4_5fI3PCHLStXgILU.png?ixlib=java-2.1.0&w=400&s=c886eb17d13e72b3b9833b5d54c3162d'),(7382,'Lucas Lopes',28,10894,'steel',1452,0.97,0.95,'https://img-cdn.hltv.org/playerbodyshot/0BL6af8G3t_o_Sbqx5FThG.png?ixlib=java-2.1.0&w=400&s=8318771b2b2afd11b93b0131eff1e290'),(7383,'Caio Fonseca',30,11814,'zqkS',768,1.06,1,'https://img-cdn.hltv.org/playerbodyshot/PMGmmmnI_aG3K2VmfqKark.png?ixlib=java-2.1.0&w=400&s=20665e8a946c18ab2982f6fce15f30c1'),(7388,'Aitor Fernández',29,11615,'SOKER',642,0.96,0.97,'https://img-cdn.hltv.org/playerbodyshot/MJahaWFD5e81EIeXx5gCQy.png?ixlib=java-2.1.0&w=400&s=6b0009b8d2113833d1af820aa48c8afe'),(7390,'Adil Benrlitom',28,NULL,'ScreaM',1430,1.13,1.09,NULL),(7398,'Peter Rasmussen',29,9565,'dupreeh',1953,1.13,1.08,'https://img-cdn.hltv.org/playerbodyshot/boYGs8q36qznqFO4A4-La7.png?ixlib=java-2.1.0&w=400&s=0376de62a17d2748241902d5eaf97b33'),(7403,'Georgi Yaskin',30,NULL,'WorldEdit',1328,1.11,1.07,NULL),(7405,'Alexey Polivanov',30,NULL,'ub1que',491,0.94,0.94,NULL),(7412,'Lukas Rossander',27,6665,'gla1ve',1691,1,0.98,'https://img-cdn.hltv.org/playerbodyshot/RRW9pDs6BiIbvBFIWQ4LAr.png?ixlib=java-2.1.0&w=400&s=31013a4a5cdc1d7c93dfa1b10d8f9a3c'),(7413,'Nicolaj Jensen',30,NULL,'Nico',399,1.09,1.02,NULL),(7414,'Danni Dyg',30,10970,'smF',821,0.97,0.96,'https://img-cdn.hltv.org/playerbodyshot/KVrIbhI2hOjv6Z9gOg7EjO.png?ixlib=java-2.1.0&w=400&s=80e9a146b54c2c8d1762f885023ab1c5'),(7415,'Nicolai Petersen',31,NULL,'HUNDEN',1578,0.78,0.81,NULL),(7429,'Vincent Schopenhauer',30,NULL,'Happy',1464,1.11,1.06,NULL),(7433,'Eric Hoag',32,5973,'adreN',697,1.03,1,'https://img-cdn.hltv.org/playerbodyshot/kHD7T--Gc81XtK1B0X-yCa.png?ixlib=java-2.1.0&w=400&s=a444de8787d2a82d847346aebd2d13c7'),(7438,'Todd Williams',34,NULL,'anger',682,0.98,0.98,NULL),(7440,'Tyler Latham',29,NULL,'Skadoodle',1047,1.15,1.06,NULL),(7443,'Simon Eliasson',27,10276,'twist',1734,1.06,1.04,'https://img-cdn.hltv.org/playerbodyshot/zWot46plW_ICvVlpvIxJ8F.png?ixlib=java-2.1.0&w=400&s=112897e8be25dbe6ee2f79b4017a22f5'),(7463,'Peter Kragelund',29,NULL,'Inzta',754,0.94,0.94,NULL),(7499,'Timo Richter',26,8637,'Spiidi',2104,1,0.98,'https://img-cdn.hltv.org/playerbodyshot/zthlSpajNDd-G2FBgqmeGj.png?ixlib=java-2.1.0&w=400&s=058c05ecd5e8005081c981711f66df9c'),(7508,'Alexander Frisch',26,NULL,'alexRr',433,0.93,0.95,NULL),(7511,'Denis Howell',27,NULL,'denis',1830,0.95,0.95,NULL),(7527,'Jacob Mourujärvi',28,NULL,'pyth',756,1,1,NULL),(7528,'Freddy Johansson',28,4991,'KRIMZ',1791,1.1,1.05,'https://img-cdn.hltv.org/playerbodyshot/KOpas3IUX7b4TiC4hMe8_Y.png?ixlib=java-2.1.0&w=400&s=6753caaa177f69cccf435d6907709e5f'),(7529,'Saku Jokinen',26,NULL,'SAGGERTON',540,0.98,0.99,NULL),(7537,'Mikko Välimaa',30,7865,'xartE',1151,0.92,0.91,'https://img-cdn.hltv.org/playerbodyshot/i1sSFA62_u5jey3Ma2DmF6.png?ixlib=java-2.1.0&w=400&s=1d7f02a00e27bc9932dea8670ee3f48f'),(7592,'Nicolai Reedtz',26,4411,'device',1793,1.25,1.16,'https://img-cdn.hltv.org/playerbodyshot/e-VpY--MZr_3XFDmj8DBd6.png?ixlib=java-2.1.0&w=400&s=f659f480569596b71f8c7d6fffc27ad7'),(7594,'Egor Vasilyev',25,10621,'flamie',1627,1.05,1.02,'https://img-cdn.hltv.org/playerbodyshot/_SqhwqFW01KWm3Y47uoDgW.png?ixlib=java-2.1.0&w=400&s=fd7f7728b3e5fb1edd978a04d04ea115'),(7687,'Nick Cannella',26,5973,'nitr0',1401,1.02,1,'https://img-cdn.hltv.org/playerbodyshot/_OztiAjFhuo2aDoISGRHxo.png?ixlib=java-2.1.0&w=400&s=bf077c6c66cef150ba1c7b252a4f6a15'),(7700,'Robin Sjögren',27,NULL,'robiin',1508,1,0.99,NULL),(7716,'Leonid Vishnyakov',25,7020,'chopper',1103,0.98,0.97,'https://img-cdn.hltv.org/playerbodyshot/yiM9emcCQ5fdX_K3X-juiG.png?ixlib=java-2.1.0&w=400&s=4eefee9759de8303b91825a74e79e13e'),(7749,'Richard Strnátko',26,NULL,'queztone',709,1.02,1.02,NULL),(7775,'Juho Lampinen',27,9802,'juho',769,1.01,1.03,'https://img-cdn.hltv.org/gallerypicture/wCeTO1ZjSEAIgopjmwf-RZ.jpg?bg=3e4c54&h=200&ixlib=java-2.1.0&rect=545%2C211%2C1364%2C1364&w=200&s=4c4e4ca7e38f1035f47ae37f68bb871b'),(7796,'Jan Rahkonen',28,NULL,'wayLander',794,0.89,0.91,NULL),(7797,'Alexander Ivanov',28,NULL,'spiker',415,0.88,0.89,NULL),(7805,'William Wierzba',28,10399,'RUSH',1413,0.99,0.97,'https://img-cdn.hltv.org/playerbodyshot/sKec3ggM2FUzVNNSIPEyj1.png?ixlib=java-2.1.0&w=400&s=d920c885d106d592f12298cbeb7de519'),(7808,'Ryan Abadir',29,5479,'freakazoid',901,1,0.99,'https://img-cdn.hltv.org/playerbodyshot/LbYC_qJlEtTJiuJnc9nGRN.png?ixlib=java-2.1.0&w=400&s=e8f2ed49acb0815f55b7c02b0cb616ca'),(7810,'Shahzeb Khan',28,NULL,'ShahZaM',966,1.13,1.08,NULL),(7821,'Eetu Saha',29,4869,'sAw',1267,0.91,0.9,'https://img-cdn.hltv.org/playerbodyshot/4IdWsa1vVEk4gjGeuORNvs.png?ixlib=java-2.1.0&w=400&s=d1b4a5b7f7920c90c627c181705abf01'),(7834,'Viktor Dyankov',28,11810,'v1c7oR',1865,1.04,1.02,'https://img-cdn.hltv.org/playerbodyshot/euN7BGzUIl9u4IB8Rub4aU.png?ixlib=java-2.1.0&w=400&s=6f1094d3e9770bb72ac395c869abd6bf'),(7873,'Rory Jackson',30,NULL,'dephh',768,0.98,0.99,NULL),(7910,'Kristjan Allsaar',24,11298,'fejtZ',759,1.1,1.07,'https://img-cdn.hltv.org/playerbodyshot/kK_VWfoKgk0LV0VUQu9hbL.png?ixlib=java-2.1.0&w=400&s=563a5718554bd11f057f45612a6f1567'),(7925,'Gábor Málovics',32,NULL,'gabesson',441,0.97,0.97,NULL),(7935,'Daniel Gustaferri',26,NULL,'roca',660,1.02,1.02,NULL),(7938,'Ismailcan Dörtkardeş',26,11251,'XANTARES',1772,1.2,1.17,'https://img-cdn.hltv.org/playerbodyshot/VL-Iz2KPu5lQJVshz-vuzP.png?ixlib=java-2.1.0&w=400&s=03b62628c8cacfdd0b788f977a18672c'),(7942,'Igor Radosavlevich',26,8404,'dERZKIY',419,0.95,0.95,'https://img-cdn.hltv.org/playerbodyshot/oG55QyLQFLpMDd7WnXmrz9.png?ixlib=java-2.1.0&w=400&s=e4394709cf905310d40a39776b5cff5b'),(7943,'Alexander Kiziukevich',27,10944,'uNdo',432,0.95,0.94,'https://img-cdn.hltv.org/playerbodyshot/Sx55EbG_7txmKJwfg6BB_Z.png?ixlib=java-2.1.0&w=400&s=53373b9cbd7177791b6e8608b9377ac5'),(7958,'Miran Matković',26,NULL,'dumz',455,0.96,0.95,NULL),(7964,'Casper Møller',27,7175,'cadiaN',1475,1.1,1.04,'https://img-cdn.hltv.org/playerbodyshot/VJ9qjM0bYy7MtycRp0tfdj.png?ixlib=java-2.1.0&w=400&s=bcc1e8b30a8f57880785180fc0f1b588'),(7965,'Sebastian Larsen',25,4602,'larsen',607,1.01,0.99,'https://img-cdn.hltv.org/playerbodyshot/PSzP5ke_HAg2jxyOA00uf_.png?ixlib=java-2.1.0&w=400&s=e40a1e437c6fa4321b99ead99ae8032e'),(7980,'Çağatay Sedef',29,NULL,'DESPE',468,1.04,1.01,NULL),(7982,'Antoine Pirard',27,10316,'to1nou',850,1.04,1.01,'https://img-cdn.hltv.org/playerbodyshot/VKMVCypY9hTUPUOrvh0EqY.png?ixlib=java-2.1.0&w=400&s=1a6c7723ce01f26a776ca10fa151e19b'),(7993,'Dimitri Hadjipaschali',31,NULL,'Detrony',412,1.13,1.08,NULL),(7996,'Joey Steusel',25,7234,'CRUC1AL',1472,1.11,1.07,'https://img-cdn.hltv.org/playerbodyshot/GW7XZVbywEGIB6nYwMIKkN.png?ixlib=java-2.1.0&w=400&s=4b6f743d7a24fc5b287b977b1d60b883'),(7998,'Aleksandr Kostyliev',24,4608,'s1mple',1571,1.34,1.25,'https://img-cdn.hltv.org/playerbodyshot/Q2u6AgnDNYQ3dyObwN4JBX.png?ixlib=java-2.1.0&w=400&s=5e19fa63867872bd78409f6e757ff6c3'),(8000,'Thilo Phan',26,NULL,'syken',413,0.97,0.98,NULL),(8047,'Lambert Prigent',30,4674,'Lambert',775,0.88,0.88,'https://img-cdn.hltv.org/playerbodyshot/Ran4GBzT2vArwrBwLCPx83.png?ixlib=java-2.1.0&w=400&s=f33fadb3e8c986ec46392af0dd522217'),(8082,'Aaron Ward',29,NULL,'AZR',1093,0.99,0.99,NULL),(8095,'Philip Aistrup',26,11562,'aizy',1564,1.04,1.03,'https://img-cdn.hltv.org/playerbodyshot/cEfV8dQAUbpwKz57ReYD1s.png?ixlib=java-2.1.0&w=400&s=e43e24389a2b1156bbb014c946add7be'),(8124,'Vadim Vasilyev',26,11219,'DavCost',1279,1.09,1.04,'https://img-cdn.hltv.org/playerbodyshot/g59sDXXiuZEhQ0PB9YSrJF.png?ixlib=java-2.1.0&w=400&s=ce5ad58d66c451dea8f178b7b36e59eb'),(8125,'Dmitriy Bandurka',27,NULL,'Dimaoneshot',1315,0.98,0.99,NULL),(8137,'Stephen Cutler',33,NULL,'reltuC',865,1,0.97,NULL),(8138,'David Prins',27,NULL,'Davidp',774,1.08,1.03,NULL),(8150,'Lasse Elgaard',32,NULL,'maeVe',487,0.98,0.96,NULL),(8151,'Asger Larsen',25,9806,'AcilioN',1765,0.95,0.95,'https://img-cdn.hltv.org/playerbodyshot/7JtawmAe5Dtf0ohNI5AC10.png?ixlib=java-2.1.0&w=400&s=4bf0c50af800fd2329474c7f91e6ab55'),(8183,'Håvard Nygaard',27,6667,'rain',1627,1.03,1.03,'https://img-cdn.hltv.org/playerbodyshot/Q0dlnWUrZON6RTRfHhZNB4.png?ixlib=java-2.1.0&w=400&s=fc9e64a032e5ac307555f8357404ccc6'),(8184,'Alex McMeekin',26,4991,'ALEX',1162,0.98,0.99,'https://img-cdn.hltv.org/playerbodyshot/LiUgPfsVF3xCJqCV3fCQSX.png?ixlib=java-2.1.0&w=400&s=676c09a09ca1831ae4a45e468e2be13f'),(8212,'Robin Röpke',27,10333,'ScrunK',932,0.85,0.88,'https://img-cdn.hltv.org/playerbodyshot/bcvrbQArkVsCMzWxzVYluC.png?ixlib=java-2.1.0&w=400&s=059ba0f1e4d09ea6bbb26345673f5b86'),(8231,'Mateusz Kołodziejczyk',26,NULL,'matty',536,0.93,0.93,NULL),(8242,'Paweł Jańczak',27,NULL,'reatz',1520,1.03,1.01,NULL),(8248,'Joakim Myrbostad',28,9806,'jkaem',1317,1.05,1.04,'https://img-cdn.hltv.org/playerbodyshot/SbBJxBOHU5UN7QzDpKI7-3.png?ixlib=java-2.1.0&w=400&s=c15bb3b4d6e81205568afdef0f5c5a95'),(8255,'Roman Dergach',27,NULL,'CyberFocus',491,1.04,1.02,NULL),(8294,'Gregory Oleinick',26,NULL,'balblna',611,0.89,0.9,NULL),(8320,'Karol Cybulski',25,NULL,'repo',505,0.93,0.94,NULL),(8321,'Oskar Stenborowski',25,10973,'oskarish',1054,0.98,0.97,'https://img-cdn.hltv.org/playerbodyshot/9_LxkOeN4KxX_Aw7yNiyu3.png?ixlib=java-2.1.0&w=400&s=be72d10ef79b3f1d5c17442eda46f37b'),(8323,'Mikołaj Karolewski',26,NULL,'mouz',1698,1.06,1.02,NULL),(8324,'Piotr Taterka',28,8813,'morelz',1087,0.99,0.99,'https://img-cdn.hltv.org/playerbodyshot/l306-0Xwx-sCuhC4764OaZ.png?ixlib=java-2.1.0&w=400&s=7a66925e41754b4eec0754dce6622c40'),(8327,'Damian Kislowski',27,8068,'Furlan',2101,0.98,0.98,'https://img-cdn.hltv.org/playerbodyshot/0fhh8Aki7WWW4U1vg7-75y.png?ixlib=java-2.1.0&w=400&s=defe42fc7cde6f9e80b1b4939c428680'),(8345,'Ivan Obrezhan',25,11330,'spaze',538,1.01,1.02,'https://img-cdn.hltv.org/gallerypicture/twA0wd_Kw-2EQU45GQ2E64.jpg?bg=3e4c54&h=200&ixlib=java-2.1.0&rect=727%2C172%2C572%2C572&w=200&s=6e4547dbdb4e8b514fce04155396a5e5'),(8346,'Josh Marzano',32,NULL,'jdm64',823,1.06,1.02,NULL),(8347,'James Cobb',33,NULL,'hazed',736,0.99,1,NULL),(8349,'Mike Grzesiek',28,NULL,'shroud',676,1.12,1.07,NULL),(8350,'Derek Branchen',29,NULL,'desi',430,1.01,1.01,NULL),(8368,'Savelii Bragin',25,NULL,'jmqa',922,0.98,0.97,NULL),(8370,'Oscar Cañellas',26,NULL,'mixwell',840,1.13,1.09,NULL),(8371,'Alejandro Masanet',26,7718,'alex',1315,1.07,1.03,'https://img-cdn.hltv.org/playerbodyshot/uM6PqVJy_HLLMHzR5_HWjy.png?ixlib=java-2.1.0&w=400&s=2d7989446dfaeffd8942ab597aa6aa51'),(8374,'Alexandre Pianaro',25,11501,'bodyy',1341,0.99,0.99,'https://img-cdn.hltv.org/playerbodyshot/8D237zSLOi5jma0DhChx1B.png?ixlib=java-2.1.0&w=400&s=1d8187f1c32e4511a91dd1a3525061c6'),(8394,'Markus Kjærbye',24,7234,'Kjaerbye',1530,1.08,1.04,'https://img-cdn.hltv.org/playerbodyshot/KNqiLbKkEqK0T0N0gNLreL.png?ixlib=java-2.1.0&w=400&s=f0d4df8dafae01d8dd03e2d57aa988f8'),(8396,'Benjamin Söderena',26,10833,'BENDJI',878,1.01,0.99,'https://img-cdn.hltv.org/gallerypicture/6S5Dt1MDh_q-zLrY2O5KPl.jpg?bg=3e4c54&h=200&ixlib=java-2.1.0&rect=1503%2C275%2C2890%2C2890&w=200&s=9364d70a2f20ce255d19658883f23d15'),(8410,'Vladyslav Svistov',26,NULL,'arch',593,0.94,0.94,NULL),(8412,'Simeon Ganev',25,10386,'dream3r',1283,1.2,1.11,'https://img-cdn.hltv.org/playerbodyshot/GLWdeoKbrK4zzXlEkLsaaG.png?ixlib=java-2.1.0&w=400&s=85b4a21faf5b3bbf4acbd22b2046120f'),(8413,'Patrik Žúdel',23,10577,'Zero',1072,1.04,1,'https://img-cdn.hltv.org/playerbodyshot/eroKWcsmymiXMiXyvjEOuz.png?ixlib=java-2.1.0&w=400&s=bf59311d93c36d93e87b190761d13e0d'),(8422,'Jonas Wenzelsen',27,8704,'netrick',455,0.8,0.82,'https://img-cdn.hltv.org/playerbodyshot/UDXUCaQp7_FXUCLQv8FLVG.png?ixlib=java-2.1.0&w=400&s=c229ed3ee5fe8282f221925720df0ec6'),(8446,'Ruan van Wyk',29,NULL,'ELUSIVE',397,1.01,0.97,NULL),(8453,'Valentin Bodea',25,7187,'SEMINTE',679,0.96,0.96,'https://img-cdn.hltv.org/playerbodyshot/bzgcs-XfpuSwI2xEOPBefF.png?ixlib=java-2.1.0&w=400&s=e2aa235c2f53da63d12a9412cb589435'),(8459,'Aurimas Kvakšys',26,NULL,'Kvik',780,0.95,0.96,NULL),(8488,'Jindřich Chyba',24,10577,'ZEDKO',1162,0.99,0.98,'https://img-cdn.hltv.org/playerbodyshot/WB5ttkDdM9vx2Jf24Qn5nU.png?ixlib=java-2.1.0&w=400&s=876dd5ae0a1a43d89cb418a43517a410'),(8503,'Erik Flom',29,5479,'fl0m',674,1.06,1.03,'https://img-cdn.hltv.org/gallerypicture/nUtm08YUA0ASrLHxCT3KsK.jpg?bg=3e4c54&h=200&ixlib=java-2.1.0&rect=677%2C239%2C674%2C674&w=200&s=e86e17eed162adcb1096e1001269e410'),(8504,'Alexander Deily',32,NULL,'LeX',463,0.85,0.88,NULL),(8507,'Peter Jarguz',28,NULL,'stanislaw',1338,0.98,0.96,NULL),(8508,'David Stafford',26,NULL,'DAVEY',801,0.98,0.98,NULL),(8513,'Jaccob Whiteaker',23,NULL,'yay',653,1.05,1.05,NULL),(8517,'Skyler Weaver',27,NULL,'Relyks',832,1.01,1,NULL),(8520,'Keith Markovic',24,5973,'NAF',1575,1.15,1.09,'https://img-cdn.hltv.org/playerbodyshot/MDAqvdYwLcEdZ6E7qO7HRf.png?ixlib=java-2.1.0&w=400&s=dc7dde86301365f164cc64ac37251461'),(8521,'Damian Steele',29,5973,'daps',1075,0.87,0.88,'https://img-cdn.hltv.org/playerbodyshot/TGUEjq5D4WxSUzOrItKMfF.png?ixlib=java-2.1.0&w=400&s=38303ac14ed060f1eddc26c8ac2fad93'),(8522,'Jacob Medina',27,NULL,'FugLy',1083,1.03,1.01,NULL),(8523,'Tarik Celik',26,NULL,'tarik',1438,1.05,1.03,NULL),(8526,'Sergey Sklyarenko',24,7264,'smike',480,1.08,1.07,'https://img-cdn.hltv.org/gallerypicture/f7W2n9K4ObSikkUCT9yLQi.jpg?bg=3e4c54&h=200&ixlib=java-2.1.0&rect=659%2C567%2C1532%2C1532&w=200&s=a4b4232cfd97061ca9d2c0f987bc581d'),(8528,'Abay Khasenov',28,5752,'HObbit',1184,1.11,1.07,'https://img-cdn.hltv.org/playerbodyshot/7m5uS3kPGgdVVfk3qEW6RB.png?ixlib=java-2.1.0&w=400&s=44acad4032ce2104490e8cda0972e71a'),(8539,'Eryk Kocęba',25,8068,'leman',509,0.99,0.97,'https://img-cdn.hltv.org/playerbodyshot/ipG80JS_-9C_YTfqc3S0kR.png?ixlib=java-2.1.0&w=400&s=ed48081f33fe4ef88f7d3c9de3c8ade0'),(8543,'Sebastian Trela',25,NULL,'NEEX',429,1.08,1.05,NULL),(8549,'Konrad Jeńczeń',24,11387,'EXUS',882,0.93,0.94,'https://img-cdn.hltv.org/playerbodyshot/-MsbwaiqzCGajXzaop4YWw.png?ixlib=java-2.1.0&w=400&s=bcee7ba3e60da162b7b539e07c38fec2'),(8552,'YuanZhang Sheng',25,4863,'Attacker',1261,1.12,1.08,'https://img-cdn.hltv.org/playerbodyshot/atIrTBFb7jWJUdXJ3dF__U.png?ixlib=java-2.1.0&w=400&s=63290fed7951f00dc2ab2553b83f9329'),(8555,'Aleksandar Zarkovic',25,NULL,'jayzaR',528,1.1,1.08,NULL),(8564,'Fernando Alvarenga',30,9455,'fer',1436,1.11,1.08,'https://img-cdn.hltv.org/playerbodyshot/0wByIKmMndjpZZS9V6_485.png?ixlib=java-2.1.0&w=400&s=c405eb54d75015b10b2dca87231b04b6'),(8565,'Henrique Teles',27,NULL,'HEN1',1101,1.21,1.1,NULL),(8566,'Lucas Teles',27,NULL,'LUCAS1',943,0.97,0.96,NULL),(8568,'Ricardo Prass',25,9455,'boltz',1304,1.12,1.07,'https://img-cdn.hltv.org/playerbodyshot/QIaoeHHlrC7MXCuRPxPMN7.png?ixlib=java-2.1.0&w=400&s=6d80fed5f7da6b99978bbe62529db730'),(8569,'Timothée Démolon',27,10869,'DEVIL',636,0.97,0.97,'https://img-cdn.hltv.org/gallerypicture/AFNpnhfu0jWvWcM54GnWXb.jpg?bg=3e4c54&h=200&ixlib=java-2.1.0&rect=1248%2C60%2C1206%2C1206&w=200&s=0a773226fc56f1695365d14797869e60'),(8570,'Dominik Swiderski',27,11387,'GruBy',1690,1.02,1.01,'https://img-cdn.hltv.org/playerbodyshot/fy8ijlSZV0j_1k2Qquj3f5.png?ixlib=java-2.1.0&w=400&s=07df886043fe88f2d4475dfb30db3ba8'),(8574,'Özgür Eker',23,11251,'woxic',1178,1.2,1.12,'https://img-cdn.hltv.org/playerbodyshot/PbpkMaF76yfEyILpPDP9wC.png?ixlib=java-2.1.0&w=400&s=ae611b4538afcc88dd81270fe23fefa2'),(8575,'Buğra Arkın',24,NULL,'Calyx',1113,1.16,1.09,NULL),(8576,'Lasse Uronen',28,11520,'ZOREE',1661,1.16,1.09,'https://img-cdn.hltv.org/playerbodyshot/DYVJOqYIRm_i7-piaDzDJN.png?ixlib=java-2.1.0&w=400&s=d5f526e7e94d2073df9607a1c6c94ed6'),(8598,'Tzu-Chi Huang',28,11542,'Marek',434,0.97,0.96,'https://img-cdn.hltv.org/gallerypicture/kYuG9CfMTwqiMdfCEMU1CO.jpg?bg=3e4c54&h=200&ixlib=java-2.1.0&rect=95%2C0%2C577%2C577&w=200&s=f30e89277563bceacb21eb5cbab16744'),(8599,'QiFang Su',30,NULL,'Karsa',457,0.96,0.95,NULL),(8600,'Zhuo Liang',30,11514,'advent',1101,0.88,0.87,'https://img-cdn.hltv.org/playerbodyshot/31LriZEyizfn7IAizkZH5o.png?ixlib=java-2.1.0&w=400&s=b8f16886b499d89140f9b345590b2630'),(8601,'WeiJie Zhong',28,11542,'zhokiNg',1228,1.07,1.06,'https://img-cdn.hltv.org/playerbodyshot/hWL3Z9wtshhXsZZtfjZpdg.png?ixlib=java-2.1.0&w=400&s=769a798821f9bc5bb1c5563dbb718495'),(8604,'ZhiHong Liu',28,NULL,'aumaN',874,1.08,1.04,NULL),(8605,'HaoWen Xu',27,NULL,'somebody',1253,1.1,1.07,NULL),(8611,'Patrick Hansen',26,4411,'es3tag',1325,1.04,1.01,'https://img-cdn.hltv.org/playerbodyshot/ljNt49_NWWJC1uQt_Jl1H2.png?ixlib=java-2.1.0&w=400&s=d1c69169ce3fe45d3de0b6669b17dda8'),(8707,'Peter Gurney',32,NULL,'ptr',1132,1.15,1.07,NULL),(8708,'Alec White',31,NULL,'Slemmy',445,0.83,0.85,NULL),(8711,'Aran Groesbeek',23,NULL,'Sonic',940,1.14,1.09,NULL),(8716,'Bence Böröcz',27,NULL,'DeadFox',807,1,0.98,NULL),(8724,'Aleksey Zimin',29,NULL,'1uke',623,1.02,1,NULL),(8726,'Dmitriy Alekseyev',28,11759,'facecrack',1693,0.98,0.99,'https://img-cdn.hltv.org/playerbodyshot/mZWvB77SvScUmzpgbbD_wu.png?ixlib=java-2.1.0&w=400&s=68539b19e138e66f039dafbeea3b37fd'),(8727,'Nikita Matveyev',27,NULL,'waterfaLLZ',899,1.02,1,NULL),(8733,'Patrik Boda',24,11001,'bodito',446,0.95,0.96,'https://img-cdn.hltv.org/playerbodyshot/0Uv-21vMmE7Hv_ytztm6Iq.png?ixlib=java-2.1.0&w=400&s=846c2024f050a5bfdc7d2b8d66634e48'),(8735,'Timothy Ta',25,10399,'autimatic',1166,1.11,1.07,'https://img-cdn.hltv.org/playerbodyshot/t1ILUOnDUoZUnmNzEvddt_.png?ixlib=java-2.1.0&w=400&s=b009aef80be6f185bf75bf65e4cf2dcc'),(8738,'Jonathan Jablonowski',25,5973,'EliGE',1614,1.11,1.09,'https://img-cdn.hltv.org/playerbodyshot/VbdRq54LyzLox47XpQv_Ir.png?ixlib=java-2.1.0&w=400&s=1a48ca4a65377b8056f9b7fad76608ad'),(8744,'Chris Rowlands',31,NULL,'emagine',751,1.04,1.01,NULL),(8745,'Ricardo Mulholland',30,11636,'Rickeh',962,1.15,1.07,'https://img-cdn.hltv.org/playerbodyshot/qWMZAGD_SM66lNW3MfhibF.png?ixlib=java-2.1.0&w=400&s=bd8576587eff55be5d3467dfbdb1e3bd'),(8752,'Samuel Portillo',27,NULL,'SileNt',624,0.93,0.94,NULL),(8764,'Ryan Palmer',25,NULL,'zewsy',618,1.06,1.04,NULL),(8767,'Chris Hanley',29,NULL,'ofnu',852,1.1,1.06,NULL),(8770,'Mohammed Tizani',29,NULL,'MoeycQ',639,1.04,1.02,NULL),(8771,'Karlo Pivac',28,NULL,'USTILO',1153,1.05,1.03,NULL),(8783,'Jakob Hansen',25,NULL,'JUGi',940,1.18,1.09,NULL),(8786,'Dmitriy Chervak',28,11385,'jR',892,1.04,1.01,'https://img-cdn.hltv.org/playerbodyshot/7G0H7C4eyao5y59VJVCVl3.png?ixlib=java-2.1.0&w=400&s=414d32976914bc31412f0ae0413fefd4'),(8789,'Nikolay Bityukov',26,10831,'mir',1015,1.15,1.1,'https://img-cdn.hltv.org/playerbodyshot/Kx7DA8F5lpoWVpark7gBOK.png?ixlib=java-2.1.0&w=400&s=4618ab141f173c429765d29316163e75'),(8790,'Pavel Lashkov',26,NULL,'hutji',453,0.92,0.93,NULL),(8797,'Jake Yip',24,NULL,'Stewie2K',1525,1.01,1.01,NULL),(8800,'Stefan Seier',29,10968,'stfN',1355,1.06,1.03,'https://img-cdn.hltv.org/playerbodyshot/nFlb9DOUqePFMunFsob5iO.png?ixlib=java-2.1.0&w=400&s=ad3fb68a9657d7f5e233c4669fd76a2f'),(8837,'Kristian Kornbakk',30,10943,'akez',492,0.9,0.92,'https://img-cdn.hltv.org/playerbodyshot/lXopyVu_mlsKVBAUjWD2_T.png?ixlib=java-2.1.0&w=400&s=754fc8583e725b47dc612607e56c5cd7'),(8848,'Thomas Nielsen',25,11712,'Ryxxo',841,1.14,1.08,'https://img-cdn.hltv.org/playerbodyshot/F3Ax33pHlUkUmEpXk0AL9V.png?ixlib=java-2.1.0&w=400&s=20f00742fdc094f08358b6939cc12439'),(8871,'Lucas Pilheden',22,NULL,'Lukki',893,1,0.99,NULL),(8875,'Nicklas Gade',27,7532,'gade',964,0.99,0.99,'https://img-cdn.hltv.org/playerbodyshot/H5qYtpIyCv9KIxxSoFB4O2.png?ixlib=java-2.1.0&w=400&s=ce217ee1e5229165feda587f7f7cd39e'),(8891,'Magnus Olsen',23,11536,'Nodios',720,1.04,1.01,'https://img-cdn.hltv.org/playerbodyshot/LqHvneVWwIj_cMNfJ3u-hB.png?ixlib=java-2.1.0&w=400&s=f436c20c05cac46939598bed896aeb0e'),(8917,'Nikolay Pantaleev',31,11800,'niki1',1020,0.98,0.98,'https://img-cdn.hltv.org/playerbodyshot/zpO8V1E31HHD_b_gvLPLti.png?ixlib=java-2.1.0&w=400&s=909fd7a72f9837a3c1f87fe8d5a7ff2b'),(8918,'Denis Sharipov',23,4608,'electroNic',1318,1.14,1.09,'https://img-cdn.hltv.org/playerbodyshot/BugxKUSuXiyJVpK4P27Ys1.png?ixlib=java-2.1.0&w=400&s=df57dc790d42aa3c5f8d9c8cd9ffb1cc'),(8943,'Nevin Aw',23,NULL,'splashske',722,1.15,1.11,NULL),(8944,'Benedict Tan',25,NULL,'Benkai',603,1.2,1.14,NULL),(8950,'Andrew Khong',28,11514,'Kaze',864,1.32,1.19,'https://img-cdn.hltv.org/playerbodyshot/0OGrhSoPb5KZpsc0UZjkwO.png?ixlib=java-2.1.0&w=400&s=0e3052b0325e78785898753effd8f9a4'),(8951,'Baskoro Dwi Putra',29,NULL,'roseau',412,1.02,1.02,NULL),(8957,'KunHua Bai',33,NULL,'LOVEYY',708,1.06,1.04,NULL),(8983,'Max Heath',25,7234,'MiGHTYMAX',1174,0.9,0.9,'https://img-cdn.hltv.org/playerbodyshot/1OU7Q8WevGesjv7xsXqb6P.png?ixlib=java-2.1.0&w=400&s=542cec7ab6b7e425a7876ece9d191b94'),(8994,'Kevin Tarn',25,10968,'HS',1068,1.02,1.02,'https://img-cdn.hltv.org/playerbodyshot/QHaj337L71yd9zhC3ZwJfu.png?ixlib=java-2.1.0&w=400&s=211822b5875a03baab69f5387aab6d03'),(8998,'Tiago Moura',26,10567,'JUST',889,1.06,1.03,'https://img-cdn.hltv.org/playerbodyshot/XxKrr82lYjlmvklqcq4nh-.png?ixlib=java-2.1.0&w=400&s=422816f71ce4d460ee213b90593a821d'),(9008,'Vasiliy Trusov',30,10944,'FANAT ROCKA',465,1.06,1.02,'https://img-cdn.hltv.org/playerbodyshot/hO-ZbMklfyzubN6qtLYAko.png?ixlib=java-2.1.0&w=400&s=009aeba5364bdcc31e295685d6ea716b'),(9017,'Michael Jaber',26,NULL,'MAiNLiNE',437,0.87,0.89,NULL),(9019,'Kia Man',26,7234,'Surreal',1518,0.97,0.96,'https://img-cdn.hltv.org/playerbodyshot/vAOlVBAnEgphPGd3DTg36m.png?ixlib=java-2.1.0&w=400&s=5ba2a928e69d5346e0b006726ee52247'),(9031,'Valdemar Bjørn Vangså',27,10503,'valde',1230,1.13,1.09,'https://img-cdn.hltv.org/playerbodyshot/jEiUIo-a9RvUS5PnfPha8l.png?ixlib=java-2.1.0&w=400&s=bb5e2d6257167ca5ea39948b0cd0856c'),(9032,'Emil Reif',24,9565,'Magisk',1411,1.14,1.08,'https://img-cdn.hltv.org/playerbodyshot/g12VVou-TG1isR6QGgefUH.png?ixlib=java-2.1.0&w=400&s=abf0e7741c16a7c11c6c852c5901f390'),(9042,'Ronnie Bylicki',29,NULL,'ryx',491,1.14,1.09,NULL),(9043,'Bradley Fodor',28,NULL,'ANDROID',835,1.07,1.04,NULL),(9053,'Michael Stapells',25,NULL,'Uber',398,0.96,0.96,NULL),(9056,'Kenneth Suen',26,NULL,'koosta',977,1.08,1.06,NULL),(9069,'Noah Francis',24,NULL,'Nifty',865,1.02,1.01,NULL),(9078,'Kristian Wienecke',25,6665,'k0nfig',1562,1.09,1.08,'https://img-cdn.hltv.org/playerbodyshot/LTjaa9PMPamQVowIWm9FGH.png?ixlib=java-2.1.0&w=400&s=576d11e4de493dd403a4df3c3e6390d5'),(9081,'Dmitry Forostyanko',27,7900,'S0tF1k',1289,0.92,0.92,'https://img-cdn.hltv.org/playerbodyshot/Hu24t02qbBVWS6TbfvhXYv.png?ixlib=java-2.1.0&w=400&s=7cc2feb26f17825abaf83c5ef235ec66'),(9083,'Pavel Veklenko',30,NULL,'COLDYY1',947,1.11,1.06,NULL),(9102,'Simon Williams',27,8668,'Sico',902,1.28,1.15,'https://img-cdn.hltv.org/playerbodyshot/PJZdjeC6LQGbPR6cHqNrb6.png?ixlib=java-2.1.0&w=400&s=a4b19d57811bb0c3c15a7fb66d9cd94e'),(9103,'Daniel Urbani',28,NULL,'rbz',647,1.01,0.99,NULL),(9104,'Daniel Whitfield',28,NULL,'DANZ',391,0.92,0.93,NULL),(9108,'Tyler Reilly',25,NULL,'tucks',718,1.1,1.06,NULL),(9115,'Christopher Nong',27,4494,'dexter',1006,1.11,1.08,'https://img-cdn.hltv.org/playerbodyshot/Xs34gKstyGb_18OJwIQlBu.png?ixlib=java-2.1.0&w=400&s=982425da16d2fc5c07bd2687ef02e58b'),(9130,'Taylor Johnson',24,NULL,'Drone',454,0.98,0.99,NULL),(9136,'Vincent Cayonte',24,10399,'Brehze',1164,1.14,1.1,'https://img-cdn.hltv.org/playerbodyshot/ZgIAHIK_75UTo9kgY1G-lU.png?ixlib=java-2.1.0&w=400&s=055eab0b6739e3d91bdb450703c682c9'),(9172,'Hyun-Pyo Lee',25,11135,'XigN',727,1.2,1.14,'https://img-cdn.hltv.org/playerbodyshot/MWvHGpZHgQIgeKNUNyWSVD.png?ixlib=java-2.1.0&w=400&s=dc51d98f28015b2fb04e5291974a76be'),(9174,'Hae-Sung Kim',27,NULL,'HSK',540,1.1,1.04,NULL),(9216,'Marcelo David',27,11309,'coldzera',1426,1.25,1.15,'https://img-cdn.hltv.org/playerbodyshot/cEWGq6uF0bUhUxfakQNcXm.png?ixlib=java-2.1.0&w=400&s=98bc0982aa9606bae323f4e38cada131'),(9217,'Epitacio de Melo',27,11309,'TACO',1418,0.94,0.92,'https://img-cdn.hltv.org/playerbodyshot/q3AeSrM5xVCizkRoRdTOk9.png?ixlib=java-2.1.0&w=400&s=111c301ff35c25077dd9ef703dbd1709'),(9218,'Alexandre Zizi',27,NULL,'xand',515,1.1,1.07,NULL),(9219,'João Vasconcellos',25,NULL,'felps',998,1.09,1.08,NULL),(9220,'Gustavo Gonçalves',25,11814,'SHOOWTiME',985,0.98,0.98,'https://img-cdn.hltv.org/playerbodyshot/BV5Su7SFvcIEZ3JwAE8yXg.png?ixlib=java-2.1.0&w=400&s=f9f7813d7a20c23ce924f344b4fea2d2'),(9221,'Roberto Themtham',30,11044,'reversive',619,1.01,0.99,'https://img-cdn.hltv.org/playerbodyshot/VRcc6Myf-kNpERmtNyUBuL.png?ixlib=java-2.1.0&w=400&s=8cdf99c0a470b9ebb0e02c4ad81b0ed4'),(9245,'Tsog Mashbat',28,6248,'Tsogoo',488,1.01,1,'https://img-cdn.hltv.org/gallerypicture/n4XGw4wv-1cZtYYkPAl7lw.jpg?bg=3e4c54&h=200&ixlib=java-2.1.0&rect=717%2C182%2C674%2C674&w=200&s=1a924c354c0084850cc15900cee54920'),(9247,'Enkhtaivan Lkhagva',32,NULL,'Machinegun',431,1.09,1.08,NULL),(9254,'Alejandro Fernández-Quejo Cano',25,7718,'mopoz',1158,1,1,'https://img-cdn.hltv.org/playerbodyshot/bNmgyWSuCoNz-wT6kiqTxC.png?ixlib=java-2.1.0&w=400&s=4b550883c1bbb18085be7126eb1f610d'),(9255,'William Sundin',26,11164,'draken',1101,1.15,1.08,'https://img-cdn.hltv.org/playerbodyshot/DGkX3K8-xOoiAJSwOf62ak.png?ixlib=java-2.1.0&w=400&s=39218af12a2598070c82c522f2a44c9e'),(9256,'Joakim Gidetun',26,NULL,'disco doplan',1207,1.05,1.02,NULL),(9257,'Fredrik Buö',28,NULL,'freddieb',1135,1.01,0.99,NULL),(9258,'Hunter Mims',23,NULL,'SicK',795,1.07,1.05,NULL),(9260,'Daniel Kim',26,NULL,'vice',493,1.01,1,NULL),(9261,'Jonas Olofsson',29,NULL,'Lekr0',1302,1.03,1.01,NULL),(9271,'Olli Pitkänen',26,7865,'sLowi',1121,1.04,1.02,'https://img-cdn.hltv.org/playerbodyshot/nFX9KlM5SRakcuFYNicTKU.png?ixlib=java-2.1.0&w=400&s=11e4d36aeb8bb469842782be57e6afb6'),(9277,'Fredrik Gustafsson',29,NULL,'FREDDyFROG',1207,1.18,1.11,NULL),(9278,'Fredrik Sterner',24,4411,'REZ',1356,1.06,1.03,'https://img-cdn.hltv.org/playerbodyshot/wo_7u8xDj7_NLVMkFr-_J7.png?ixlib=java-2.1.0&w=400&s=345bf9af95f327be72f2e0d003a556cc'),(9279,'Joakim Gustafsson',29,NULL,'Relaxa',1203,1.1,1.03,NULL),(9288,'Tosapol Saekow',29,NULL,'TOR',452,1.09,1.06,NULL),(9289,'Phoomphat Phodjanat',24,11083,'qqGOD',584,1.03,1.02,'https://img-cdn.hltv.org/playerbodyshot/4o-sWNC9yXeGUxXCzS6sX1.png?ixlib=java-2.1.0&w=400&s=0031fa8edfa8b99635957d78e03615df'),(9291,'Kristaps Bricis',24,7340,'krii',399,1,0.99,'https://img-cdn.hltv.org/playerbodyshot/wlAE9dMtscdzN4ICX3Uwle.png?ixlib=java-2.1.0&w=400&s=52442493f737ae8e914f11316ae93eed'),(9294,'Niels Christian Sillassen',25,NULL,'NaToSaphiX',948,1.16,1.07,NULL),(9295,'Dennis Nielsen',26,4494,'sycrone',553,0.9,0.9,'https://img-cdn.hltv.org/playerbodyshot/8KBdxscVbuSUYWLPEmlgUH.png?ixlib=java-2.1.0&w=400&s=b7ac51e332fee65da457f529d71e699c'),(9298,'Erik Hansen Dyrnes',25,NULL,'truth',479,1.01,1,NULL),(9317,'Allan Jensen',27,NULL,'AnJ',403,1.11,1.06,NULL),(9325,'Tony Niemelä',25,11520,'arvid',897,0.94,0.95,'https://img-cdn.hltv.org/playerbodyshot/EP_NWY0pTFGiTBhP0TTYXw.png?ixlib=java-2.1.0&w=400&s=7e0ced5849e1f5eb41a558bb5fe709c6'),(9339,'Anthony Lim',26,NULL,'ImpressioN',684,1.01,1,NULL),(9348,'Igor Shevchenko',26,10918,'crush',729,0.89,0.9,'https://img-cdn.hltv.org/playerbodyshot/42ZcuRefRbYU85sQRbbHs7.png?ixlib=java-2.1.0&w=400&s=9f2ec4331f1589687be99d957e6bbcbd'),(9349,'Ivan Semenets',26,11480,'AiyvaN',694,1.05,1.03,'https://img-cdn.hltv.org/playerbodyshot/Gv9AunekFgIZ2h9pndYZvD.png?ixlib=java-2.1.0&w=400&s=503969fe5540d6888484bb79eba3533e'),(9350,'Dima Lemeshchuk',27,NULL,'def',605,0.85,0.86,NULL),(9353,'Ahmet Karahoca',25,11251,'paz',1068,1.11,1.07,'https://img-cdn.hltv.org/playerbodyshot/AjnbbaFNceEJJdk25x7JfI.png?ixlib=java-2.1.0&w=400&s=8cf82ac9b311f66274c4a81a52054b22'),(9358,'Patrik Stuchlík',25,NULL,'DEV7L',549,1.06,1.03,NULL),(9410,'Nikolaj Rysakov',28,NULL,'kalinka',855,1.01,1.01,NULL),(9416,'Francisco Ramos',26,11569,'obj',418,1.06,1.01,'https://img-cdn.hltv.org/playerbodyshot/HuiOZgGyQ_p9GfoM9xNZIy.png?ixlib=java-2.1.0&w=400&s=6252e4f28317fbce225719e82ffd7ab6'),(9480,'Thiago França',26,NULL,'tifa',407,0.98,0.98,NULL),(9482,'Gabriel Schenato',26,4773,'NEKIZ',993,0.99,0.98,'https://img-cdn.hltv.org/playerbodyshot/aOGqgI8UVvTp-kPEuYVycL.png?ixlib=java-2.1.0&w=400&s=dec793c4f6e018c501259fb170928474'),(9483,'Lucas Bullo',25,7653,'DeStiNy',1065,1.02,1.02,'https://img-cdn.hltv.org/playerbodyshot/kgbQRJClh1Ozio2LrqPNpN.png?ixlib=java-2.1.0&w=400&s=1c4e10b238bb825df8d6447d8e9b1b61'),(9521,'Gan-Erdene Batbold',23,11135,'dobu',801,1.04,1.03,'https://img-cdn.hltv.org/playerbodyshot/6AHeruTinZhKrSLQs9n0yH.png?ixlib=java-2.1.0&w=400&s=23e14cfce4184a8ddf15c9df88958508'),(9545,'Alexandre Forté',25,NULL,'xms',712,0.95,0.96,NULL),(9574,'Michał Rudzki',24,NULL,'snatchie',1557,1.09,1.06,NULL),(9612,'Lucas Andersen',24,NULL,'Bubzkji',817,1.07,1.04,NULL),(9616,'François Delaunay',28,4674,'AMANEK',1030,1.07,1.02,'https://img-cdn.hltv.org/playerbodyshot/alsdIOQ1agKFn5rn9cnKs_.png?ixlib=java-2.1.0&w=400&s=08d99e3edabb3f9afb643a6ada60fc38'),(9618,'Nemanja Isaković',25,10503,'nexa',1253,1.1,1.05,'https://img-cdn.hltv.org/playerbodyshot/g-HKmEtjOXr-v7RQCEGmWc.png?ixlib=java-2.1.0&w=400&s=58ab6424bab46b61acacdab9c4ef0fe5'),(9626,'Adrian Guță',21,11419,'XELLOW',1097,1.18,1.13,'https://img-cdn.hltv.org/playerbodyshot/QDHUPKNhffa4zfjtIPmCkY.png?ixlib=java-2.1.0&w=400&s=e1e5ee0c24621d13762bb54ba31e26fe'),(9636,'Callum Henderson',26,NULL,'BURNRUOk',860,0.97,0.98,NULL),(9656,'Ali Haïnouss',26,11283,'hAdji',1152,1.12,1.08,'https://img-cdn.hltv.org/playerbodyshot/k3XKqahm48rDxIquZwOa7i.png?ixlib=java-2.1.0&w=400&s=3cfd16acd211f8ff0a26c9ee13d57287'),(9660,'Connor Glover',28,NULL,'CONNOR93',449,0.94,0.95,NULL),(9676,'Nikhil Victor',27,11636,'NikkeZ',413,1.07,1.06,'https://img-cdn.hltv.org/gallerypicture/lOX_-NNn6IcXWceujV1Yzy.jpg?bg=3e4c54&h=200&ixlib=java-2.1.0&rect=267%2C304%2C669%2C669&w=200&s=b6fe03db44aeebaff41e0939d32052fe'),(9680,'Andy Zhang',25,NULL,'Noobster',496,1.02,1.01,NULL),(9686,'Sean Kaiwai',26,10096,'Gratisfaction',897,1.12,1.05,'https://img-cdn.hltv.org/playerbodyshot/T7hNnUdxfJEhQKQY81orC3.png?ixlib=java-2.1.0&w=400&s=bf857adbcbc9cec55906e9a909268948'),(9736,'Bold Batsuh',27,6248,'ncl',532,0.92,0.91,'https://img-cdn.hltv.org/playerbodyshot/OXmwjATQc6189mRuZLElcu.png?ixlib=java-2.1.0&w=400&s=34292d1c995632e5d5f4c7ac38f7b5c7'),(9766,'Hampus Poser',23,4411,'hampus',1367,1.01,1.01,'https://img-cdn.hltv.org/playerbodyshot/c8Zuac20HpzF0QF8ZP92Rd.png?ixlib=java-2.1.0&w=400&s=9a1c0f1230cddb4401fbb011f237ed08'),(9798,'Dawid Cieślak',29,8248,'lunAtic',895,0.89,0.9,'https://img-cdn.hltv.org/playerbodyshot/nCEQxFcEjzFtp59Cm1T6hu.png?ixlib=java-2.1.0&w=400&s=2824fcb4e378f132f5fd68582227c358'),(9811,'Niclas Plessen',24,10276,'PlesseN',1310,1.01,1.01,'https://img-cdn.hltv.org/playerbodyshot/B3PY0u_CxJOchBKx7gBgQL.png?ixlib=java-2.1.0&w=400&s=123343799fdcc69b3de7581c9e539090'),(9816,'Aleksi Virolainen',25,5995,'Aleksib',1037,0.98,0.96,'https://img-cdn.hltv.org/playerbodyshot/Y3W71qlXTNaHPavQ3EPNIk.png?ixlib=java-2.1.0&w=400&s=cd4c8872e3b80321539bd0d2d5558359'),(9818,'Samu Leirilaakso',24,9648,'uli',575,1.02,1,'https://img-cdn.hltv.org/playerbodyshot/_nIwkCfi7fmGE8yi7GacFu.png?ixlib=java-2.1.0&w=400&s=78a96419d13cf74f402aa8a8ece6c6c8'),(9819,'Joonas Forss',26,7865,'doto',648,0.98,0.98,'https://img-cdn.hltv.org/playerbodyshot/k8SKCIV7MdjU0TG17g-U6N.png?ixlib=java-2.1.0&w=400&s=d75a2e3030b7fece4cbbb00d0ff26aba'),(9820,'Lauri Hietala',24,NULL,'pietola',383,0.91,0.91,NULL),(9845,'Andy Xu',28,NULL,'vSa',385,0.95,0.94,NULL),(9857,'Engin Kor',29,NULL,'ngiN',1025,0.96,0.94,NULL),(9875,'Victor Wong',25,NULL,'food',456,1.05,1.03,NULL),(9882,'Adam Polen',26,NULL,'Polen',435,0.88,0.89,NULL),(9884,'Collin McSweegan',20,NULL,'wrath',525,1.13,1.12,NULL),(9895,'Daniel Mertz',23,NULL,'mertz',955,1.16,1.1,NULL),(9896,'Johannes Borup',22,NULL,'b0RUP',1411,1.02,1.01,NULL),(9903,'Anton Pedersen',22,10867,'notaN',462,1,0.99,'https://img-cdn.hltv.org/playerbodyshot/RPeGZto19AmUOLsj_MID70.png?ixlib=java-2.1.0&w=400&s=dc409afe3ad448d323c3f278dcaa2c0f'),(9911,'Rasmus Johansson',24,10276,'kreaz',747,1.05,1.01,'https://img-cdn.hltv.org/playerbodyshot/hRO9mfC_FYg26tYVRk5xfy.png?ixlib=java-2.1.0&w=400&s=c7357a190692f1ef5004136245c75f16'),(9916,'Michał Gabszewicz',26,NULL,'mono',662,1,0.97,NULL),(9960,'David Čerňanský',20,4494,'frozen',1218,1.17,1.12,'https://img-cdn.hltv.org/playerbodyshot/UFoUkMCn8TMm5cUJHScvjA.png?ixlib=java-2.1.0&w=400&s=8d85e3f407166d42213e17db078c3c9f'),(9961,'Martin Melišek',23,NULL,'MonttY',522,1.04,1.02,NULL),(10052,'Bektiyar Bahytov',30,10806,'fitch',574,0.98,0.99,'https://img-cdn.hltv.org/playerbodyshot/CtSQPlGFafRxneQS9Gyao1.png?ixlib=java-2.1.0&w=400&s=57bd72a80b8e7a69debb3b47c4495cbc'),(10096,'Rasmus Nielsen',27,7461,'HooXi',798,0.85,0.87,'https://img-cdn.hltv.org/playerbodyshot/af3-HTgI8YIfiD5o4qFnQC.png?ixlib=java-2.1.0&w=400&s=30a2114e1ceefb528253076830818bf2'),(10114,'Verneri Junkala',22,8504,'BONA',476,0.89,0.91,'https://img-cdn.hltv.org/playerbodyshot/GXjrhqysEWcMYENKEGMUl2.png?ixlib=java-2.1.0&w=400&s=cef2dca8a25432acc0c476489b60a1d2'),(10163,'Peter Nguyen',25,NULL,'pecks',389,1.03,1,NULL),(10168,'Lei Mao',28,NULL,'bottle',768,1.06,1.05,NULL),(10186,'YangYang Zheng',23,10847,'ayaya',462,1.01,1.01,'https://img-cdn.hltv.org/playerbodyshot/9KLPJbrngcFBFGsc6zg9ud.png?ixlib=java-2.1.0&w=400&s=58a52fae394a2fb67e3b9d0295a219ee'),(10192,'JiaMing Gu',28,7966,'DeStRoYeR',598,0.98,0.97,'https://img-cdn.hltv.org/gallerypicture/gFTIXQEPmXidU3RWYRWjUp.jpg?bg=3e4c54&h=200&ixlib=java-2.1.0&rect=285%2C220%2C1837%2C1837&w=200&s=b00c0e13f732aceed01578e8f6cd70de'),(10263,'Kevin Susanto',24,11135,'xccurate',698,1.15,1.09,'https://img-cdn.hltv.org/playerbodyshot/7N3g-XZZaY3IMZBjEgEqX6.png?ixlib=java-2.1.0&w=400&s=6db81590b24589a85f91770367ec46bc'),(10264,'Nikolaj Kristensen',24,10503,'niko',1211,1.05,1.02,'https://img-cdn.hltv.org/playerbodyshot/nZclmvJuekhD5fBfwriiJf.png?ixlib=java-2.1.0&w=400&s=600fcdfc1fe05384c1d9424c4892e183'),(10330,'Frederik Gyldstrand',25,4494,'acoR',1057,1.11,1.06,'https://img-cdn.hltv.org/playerbodyshot/9loEKNucGaHZkJkpWbzX70.png?ixlib=java-2.1.0&w=400&s=6b22a6789b34b950ba132db0ff66eb82'),(10367,'Lukas Kauer',26,NULL,'ecfN',426,0.94,0.95,NULL),(10372,'Jake McDonald',22,NULL,'kaboose',549,0.97,0.99,NULL),(10394,'Russel Van Dulken',22,6667,'Twistzz',1394,1.18,1.11,'https://img-cdn.hltv.org/playerbodyshot/3W2WeF7zohMOjpjxGpurGG.png?ixlib=java-2.1.0&w=400&s=b81a58560cecf792aa16f0ee08f82ee4'),(10397,'Jorgen Robertsen',27,NULL,'cromen',653,1.01,1,NULL),(10404,'Mads Skovby',26,NULL,'Console',708,0.95,0.95,NULL),(10436,'Cristian Niță',24,11525,'sXe',577,0.99,0.98,'https://img-cdn.hltv.org/playerbodyshot/DrqdfoAtZOvvYaOfzHaj0z.png?ixlib=java-2.1.0&w=400&s=025f6e3b94469e3febc100f405089f22'),(10443,'Sebastian Aagaard',23,NULL,'Basso',582,1.03,1,NULL),(10449,'Issa Murad',25,NULL,'ISSAA',870,1.09,1.05,NULL),(10463,'Linus Andersson',23,NULL,'Baaten',738,1,1,NULL),(10470,'Mitch Semago',25,NULL,'mitch',807,1.05,1.01,NULL),(10499,'Jonathan Muñoz',30,11044,'JonY BoY',425,1.05,1.03,'https://img-cdn.hltv.org/gallerypicture/X_juj1U0WJTybPeETjrqZw.jpg?bg=3e4c54&h=200&ixlib=java-2.1.0&rect=691%2C199%2C674%2C674&w=200&s=7189f835031fe7634bff64cfb549b9a4'),(10504,'Nicolas Miozzi',25,11773,'NikoM',489,1.1,1.06,'https://img-cdn.hltv.org/playerbodyshot/3USKaJCjjT6ZeMXBYbtpOc.png?ixlib=java-2.1.0&w=400&s=9483ebc227250e537be2a588c849304a'),(10506,'Matias Canale',29,10978,'tutehen',450,0.95,0.93,'https://img-cdn.hltv.org/gallerypicture/_jSLvttBTRJxSMij9Qm35g.jpg?bg=3e4c54&h=200&ixlib=java-2.1.0&rect=691%2C185%2C674%2C674&w=200&s=bf8e6bb11f9258965026a359c6b64a03'),(10508,'Nabil Aleua',25,10995,'nbl',605,0.95,0.96,'https://img-cdn.hltv.org/playerbodyshot/LEOrYRbpTVPOylSM116Idt.png?ixlib=java-2.1.0&w=400&s=28e6b9dfd4acd0988b4d7c90fb1c1008'),(10557,'Paulo Felipe',28,11420,'land1n',767,1.1,1.03,'https://img-cdn.hltv.org/playerbodyshot/o9cot0qd3QcPKAxUvePtef.png?ixlib=java-2.1.0&w=400&s=6bb67ce5ccd4c63946461c9078c391fc'),(10560,'Gustavo Knittel',30,NULL,'yel',930,1.07,1.02,NULL),(10563,'Caike Costa',27,NULL,'caike',501,0.96,0.95,NULL),(10566,'Marcelo Cespedes',24,9215,'chelo',915,1.09,1.06,'https://img-cdn.hltv.org/playerbodyshot/xssF4wAdaPITBA3UjL7_0Y.png?ixlib=java-2.1.0&w=400&s=9d5de33f04c9e53d84b09d9d7a8b5011'),(10569,'David Dobrosavljevic',27,7674,'devoduvek',644,0.95,0.95,'https://img-cdn.hltv.org/playerbodyshot/wuknU9ruxRWXZWA_g1Bw38.png?ixlib=java-2.1.0&w=400&s=d42e5dc585f7cfbdae0e604525f5ce12'),(10570,'Denis Fischer',25,NULL,'dzt',676,1.01,1,NULL),(10587,'Jesse Barker',27,NULL,'InfrequeNt',479,1.11,1.07,NULL),(10588,'Jay Tregillgas',24,8668,'Liazz',978,1.13,1.07,'https://img-cdn.hltv.org/playerbodyshot/6yiiz_ibuf6JQIhVx5aYgB.png?ixlib=java-2.1.0&w=400&s=01f51893208d7f3ac6ab6a3588ccfff0'),(10589,'Roman Golubev',29,11259,'rommi',516,1.06,1.05,'https://img-cdn.hltv.org/playerbodyshot/_LjZA03zbNaFO-GNpVPp-g.png?ixlib=java-2.1.0&w=400&s=b417bff2021b5b4b293c232dbacb587c'),(10590,'Evgeny Mitsik',27,11045,'fenvicious',729,1.01,1,'https://img-cdn.hltv.org/playerbodyshot/Wpqui-whCXIKnUMaHX6EQ4.png?ixlib=java-2.1.0&w=400&s=1c79179ce98afd4e995b210f44451fac'),(10610,'Ismail Ali',24,7175,'refrezh',978,1.08,1.04,'https://img-cdn.hltv.org/playerbodyshot/sffEN-2IhDHfzv0B9DaPx-.png?ixlib=java-2.1.0&w=400&s=b517f0cbb4549c982036f310a38fdfff'),(10611,'Rhys Armstrong',24,9943,'Fadey',712,0.96,0.98,'https://img-cdn.hltv.org/gallerypicture/n_MMFR3hNl2lsr6a_l_wY4.jpg?bg=3e4c54&h=200&ixlib=java-2.1.0&rect=711%2C209%2C674%2C674&w=200&s=ebeb0175b2a227a8dcc303f68fb4e89c'),(10663,'Warittorn Kalanukarn',21,NULL,'RoLEX',492,1,1,NULL),(10664,'Peeratch Ingkudanonda',24,11083,'Olivia',634,1.15,1.1,'https://img-cdn.hltv.org/playerbodyshot/Tz92JshUxHNM25U0ITZz02.png?ixlib=java-2.1.0&w=400&s=cbda51078e2ccc4de66349c6c754b936'),(10666,'Maitri Sukrob',24,11083,'MAIROLLS',495,0.98,0.97,'https://img-cdn.hltv.org/playerbodyshot/3srkLaRLYSn6rHKEcv804i.png?ixlib=java-2.1.0&w=400&s=63d720e0c6558d387fe35d2bf00505a9'),(10671,'Ethan Arnold',22,NULL,'Ethan',986,1.09,1.06,NULL),(10697,'Yanko Panov',25,11800,'blocker',864,0.97,0.97,'https://img-cdn.hltv.org/playerbodyshot/jfZJrtQSk82CnDb9DdOBIF.png?ixlib=java-2.1.0&w=400&s=36087420e70bbc227c18ebbb277448b0'),(10698,'Ádám Domoszlay',22,10968,'kolor',558,1.03,1.02,'https://img-cdn.hltv.org/gallerypicture/eZ2HU8TOHKzO5liCrsbC_Z.jpg?bg=3e4c54&h=200&ixlib=java-2.1.0&rect=672%2C204%2C715%2C715&w=200&s=5274ca217c01fdd9edc6dbcfd7b0653f'),(10705,'Krit Chaiprasit',24,11135,'Kntz',531,1.07,1.03,'https://img-cdn.hltv.org/playerbodyshot/wZnfiUZ2yJZrqUCUyUCg15.png?ixlib=java-2.1.0&w=400&s=044a777fed74889991c73d4741650fd0'),(10722,'Yi Ding',26,10851,'gas',472,1.09,1.09,'https://img-cdn.hltv.org/gallerypicture/-rZKX_FgNQgILVDLdkwAJv.jpg?bg=3e4c54&h=200&ixlib=java-2.1.0&rect=141%2C71%2C785%2C785&w=200&s=0e31a3c0ecacd3b13b2b0b485e4baea0'),(10761,'Nikola Radushev',26,NULL,'NK4Y',480,1.05,1.03,NULL),(10762,'Ivan Stratiev',25,11240,'Rock1nG',887,0.94,0.94,'https://img-cdn.hltv.org/playerbodyshot/cUk6QpOCmx_6Nk1jwIsupG.png?ixlib=java-2.1.0&w=400&s=ecc7a29f7404e02654c7677278d85ebb'),(10764,'Thotsaphon Suphatthanaphalaphon',28,NULL,'cbbk',404,1.02,1,NULL),(10774,'WingHei Cheung',23,11542,'Freeman',773,1.18,1.13,'https://img-cdn.hltv.org/playerbodyshot/JDiRLLJmDGOrfHZ79CwqUr.png?ixlib=java-2.1.0&w=400&s=3d30a575cdd8e330b8b6c0ab4630e3ed'),(10784,'Alfred Karlsson',24,11164,'RuStY',1298,0.99,0.97,'https://img-cdn.hltv.org/playerbodyshot/fU1WqQ0C75pgkohfx6iLPr.png?ixlib=java-2.1.0&w=400&s=2b2e60b2a1b27d957c62638a900e4419'),(10818,'Victor Torraca',24,6947,'iDk',872,1.03,1.02,'https://img-cdn.hltv.org/playerbodyshot/s9D8vCupp4X9LFEno3emCu.png?ixlib=java-2.1.0&w=400&s=59ad5edde338870d5cb0f8d5399e843d'),(10827,'Matheus Scuvero',24,6947,'prt',732,0.99,0.98,'https://img-cdn.hltv.org/playerbodyshot/510TH-2ZF4BFlnwA2y5oeq.png?ixlib=java-2.1.0&w=400&s=41a551af1209972bdd51cd9ab0418857'),(10840,'Alef Pereira',28,11420,'tatazin',769,1.08,1.01,'https://img-cdn.hltv.org/playerbodyshot/jT49kiNA8N-W95WsP-HqUP.png?ixlib=java-2.1.0&w=400&s=e3d26a8bf5b96918676ad469e61720f4'),(10842,'Dener Barchfield',25,11420,'KHTEX',614,1.08,1.04,'https://img-cdn.hltv.org/playerbodyshot/Mb6GSiM4mWD7HrGIAbyLbJ.png?ixlib=java-2.1.0&w=400&s=87e3e9d8df89ac48494e42cc55373ff7'),(10870,'Bat-Enkh Batbayar',27,11585,'kabal',813,1.07,1.04,'https://img-cdn.hltv.org/playerbodyshot/bIz3wKPPqRlcqcfAHVgF-V.png?ixlib=java-2.1.0&w=400&s=65dde2aab58fec9c240cbd1013993b76'),(10892,'Edgar Maldonado',24,NULL,'MarKE',926,1.09,1.04,NULL),(10938,'Andreas Kirstein',22,4602,'kiR',586,0.91,0.93,'https://img-cdn.hltv.org/playerbodyshot/nhV5KDqYQNv6jf164Bnuzi.png?ixlib=java-2.1.0&w=400&s=185b713ceb879d0dce75c74e70c71a9a'),(10961,'Kristoffer Aamand',20,NULL,'Kristou',390,0.95,0.96,NULL),(10981,'Mateusz Wilczewski',24,NULL,'mantuu',696,1.21,1.12,NULL),(10992,'Jacob Lund',25,10574,'dragonfly',507,1.06,1.02,'https://img-cdn.hltv.org/playerbodyshot/4aT80Lg2v5bdVcM8zPDjl0.png?ixlib=java-2.1.0&w=400&s=5a737925d8746fd202e56df408653024'),(10993,'Nicolai Amorim',27,NULL,'torben',532,0.87,0.88,NULL),(10994,'Martin Lund',20,7175,'stavn',1120,1.07,1.05,'https://img-cdn.hltv.org/playerbodyshot/20If3hKfmAkIqIRNug1ohP.png?ixlib=java-2.1.0&w=400&s=5e45d7ee28c38402386b5c329367fa96'),(11039,'Dominick Dimpfel',25,11571,'JazzPimp',438,0.96,0.96,'https://img-cdn.hltv.org/gallerypicture/DPHOEYZAmyfyAvzGWlKpPB.jpg?bg=3e4c54&h=200&ixlib=java-2.1.0&rect=1019%2C0%2C3704%2C3704&w=200&s=2e1c3877f476b26c4acc9923cfc01bcb'),(11064,'Will Loafman',26,NULL,'dazzLe',690,1,1.01,NULL),(11110,'Maikil Selim',28,11401,'Golden',872,0.88,0.9,'https://img-cdn.hltv.org/playerbodyshot/056vDRgctqXbLdse4H_TyE.png?ixlib=java-2.1.0&w=400&s=aee5aea9966854ac2d446c94fb397082'),(11139,'Alistair Johnston',24,8668,'aliStair',1057,1.17,1.1,'https://img-cdn.hltv.org/playerbodyshot/n3WiOubOKl9F-wrsP_Et6v.png?ixlib=java-2.1.0&w=400&s=9e3b08bf3fa664c275b51839b23a8ba7'),(11140,'Joshua Potter',23,8668,'INS',946,1.17,1.12,'https://img-cdn.hltv.org/playerbodyshot/O6qr_DKB8u19ZcUrWAGuO_.png?ixlib=java-2.1.0&w=400&s=58e31d77f080930474e9babc31a200a5'),(11141,'Erdenetsogt Gantulga',27,11135,'erkaSt',869,1.17,1.12,'https://img-cdn.hltv.org/playerbodyshot/YmUCbh94rjdPEgTimOBpzq.png?ixlib=java-2.1.0&w=400&s=f1479d1092df40896b9041c92f07e34e'),(11154,'Raphael Lacerda',25,9215,'exit',739,1.17,1.08,'https://img-cdn.hltv.org/playerbodyshot/C_3tqT1S9UTIIRdMBwhEKR.png?ixlib=java-2.1.0&w=400&s=7d40cadee02fef0d0d43ee9b4f7736ae'),(11161,'ZhiTao Zhang',27,11101,'Drea3er',415,0.95,0.96,'https://img-cdn.hltv.org/gallerypicture/n8_AzkJTIhC7W69pa78xGF.jpg?bg=3e4c54&h=200&ixlib=java-2.1.0&rect=534%2C51%2C1016%2C1016&w=200&s=1deff9f21134e0fac0d8ee15ab72c0bf'),(11162,'Jordan Bajic',24,8668,'Hatz',947,1.13,1.08,'https://img-cdn.hltv.org/playerbodyshot/m5ltPHGArpEbTxTp68yv7w.png?ixlib=java-2.1.0&w=400&s=2158650f6921d278070bd855cc344fc6'),(11163,'Alencar Rossato',27,6947,'trk',830,1.1,1.07,'https://img-cdn.hltv.org/playerbodyshot/2LYBRxo86FjF-O-jxwwEy1.png?ixlib=java-2.1.0&w=400&s=898aae7639a71c7e4742396a078a8fe0'),(11199,'Sebastian Daňo',24,10577,'beastik',730,0.95,0.95,'https://img-cdn.hltv.org/playerbodyshot/NaSfOIklv8Yt4WPJEr5LTL.png?ixlib=java-2.1.0&w=400&s=7755d30bbfffca2fe8630025be0b9124'),(11205,'Renato Gonçalves',25,7379,'stadodo',783,1.05,1.01,'https://img-cdn.hltv.org/playerbodyshot/WPLFP9EXPNao11jI7M6yij.png?ixlib=java-2.1.0&w=400&s=213582a8a3ee39b4610253fa56c8f14c'),(11213,'Felipe Delboni',24,11814,'delboNi',532,1.04,1.01,'https://img-cdn.hltv.org/playerbodyshot/mmcIL3GVoNx1K0f_2Ds-U0.png?ixlib=java-2.1.0&w=400&s=f6a8da72714669f263f50f6cf8a226ff'),(11217,'Teodor Nikolov',24,11810,'SPELLAN',1438,0.99,0.97,'https://img-cdn.hltv.org/playerbodyshot/CoZr93_XuY6a-TTk3m_lrs.png?ixlib=java-2.1.0&w=400&s=6ad7dfebf843389a06064bfe12d76055'),(11219,'Tsvetelin Dimitrov',22,10399,'CeRq',1199,1.18,1.1,'https://img-cdn.hltv.org/playerbodyshot/ZNhhZdN40a8dKGyKIQacI0.png?ixlib=java-2.1.0&w=400&s=6c29d2ae5d85a4858070b06ddf6012e2'),(11230,'Alex Protopapas',23,NULL,'aproto',383,1.01,1.01,NULL),(11231,'Yassine Taoufik',25,NULL,'Subroza',623,1.03,1.03,NULL),(11238,'Chad Miller',23,NULL,'Oderus',473,0.99,1,NULL),(11248,'Sattawut Reathong',28,NULL,'Leaf',398,0.99,0.97,NULL),(11250,'Vadim Karetin',25,10888,'Flarich',1063,1.1,1.05,'https://img-cdn.hltv.org/playerbodyshot/RMRwKPTNnj4A3w_BfE6Uh2.png?ixlib=java-2.1.0&w=400&s=b7b6837aeef839be8994db3ccebec3c9'),(11258,'Magnus Frøslev',25,NULL,'fr0slev',611,1.04,1.02,NULL),(11264,'Matthew Yu',24,NULL,'WARDELL',609,1.17,1.1,NULL),(11271,'Owen Butterfield',22,NULL,'smooya',888,1.26,1.18,NULL),(11276,'Kuba Markowski',23,11743,'Markoś',682,1.07,1.02,'https://img-cdn.hltv.org/playerbodyshot/J1niSGVwtL14LEfxjKa9Bw.png?ixlib=java-2.1.0&w=400&s=03fe727994b1e73225131759e0d7d4fc'),(11278,'Mateusz Zawistowski',25,NULL,'TOAO',1106,0.95,0.94,NULL),(11283,'Otto Sihvo',24,7865,'ottoNd',855,1.19,1.11,'https://img-cdn.hltv.org/playerbodyshot/1E3a_GqYtgQ5ClctFID0dm.png?ixlib=java-2.1.0&w=400&s=9e72d4e941bc97ec03faaa2b2b11a8e9'),(11286,'Patryk Wites',27,11621,'ponczek',504,0.97,0.96,'https://img-cdn.hltv.org/playerbodyshot/FYnrmoJufpY-3sOApV97dT.png?ixlib=java-2.1.0&w=400&s=ded0cc9e9bd285dd2852096d6e8ca61e'),(11287,'Kacper Ściera',24,11621,'darko',804,0.95,0.95,'https://img-cdn.hltv.org/playerbodyshot/tyd1rEYVV6DwMlGZ917Llx.png?ixlib=java-2.1.0&w=400&s=6e4d67f897c187b5e52f9dfb15b65f7f'),(11307,'Eimantas Lazickas',25,NULL,'pounh',401,1.01,1,NULL),(11329,'Leonardo Oliveira',22,11309,'leo_drk',597,1,1,'https://img-cdn.hltv.org/playerbodyshot/JAx5Gt_RTiBKX2IlLUcUN0.png?ixlib=java-2.1.0&w=400&s=39af07e4a9bb61d820fe3fb4ada1e1d4'),(11337,'Rodrigo Figueiredo',22,10894,'RCF',649,1.05,1.03,'https://img-cdn.hltv.org/playerbodyshot/PLUUZ2D1X3QgJh3JU5yMXl.png?ixlib=java-2.1.0&w=400&s=68768d5f05fabaac5554c2e766904a99'),(11343,'Georgi Grigorov',21,10386,'SHiPZ',1695,1.07,1.06,'https://img-cdn.hltv.org/playerbodyshot/2LAfAU47Jvsb6jpLOQiXk-.png?ixlib=java-2.1.0&w=400&s=dc8010f3853da5d9be2f69cd2adce1ab'),(11355,'ZhiHai Fu',28,11544,'QKA',402,1.1,1.07,'https://img-cdn.hltv.org/playerbodyshot/-P35TzvbQrAU2cA57XLvGM.png?ixlib=java-2.1.0&w=400&s=8bd304056cb49a1e2710c863cb398829'),(11358,'ZhiWei Liu',26,7966,'0i',490,0.95,0.96,'https://img-cdn.hltv.org/gallerypicture/O3ziDSdeVLTnNoF0oUM2ZO.jpg?bg=3e4c54&h=200&ixlib=java-2.1.0&rect=511%2C64%2C992%2C992&w=200&s=a08c05df1f535b88eb3fa7f1bd31a4aa'),(11460,'Kumaresan Ramani',28,NULL,'Tommy',387,0.95,0.96,NULL),(11485,'Liam Schembri',26,10672,'malta',1004,1.09,1.04,'https://img-cdn.hltv.org/playerbodyshot/2KiT_mH-8MQGOqm2o-zgbE.png?ixlib=java-2.1.0&w=400&s=dce5c4c5e4dbbecf1117991b6771c3db'),(11492,'Alec Gulabovski',26,NULL,'Noisia',579,0.94,0.94,NULL),(11498,'Aleksei Trofimov',25,10831,'NickelBack',1407,1,0.98,'https://img-cdn.hltv.org/playerbodyshot/zCPQu8u1GLEQNubdm_eVlC.png?ixlib=java-2.1.0&w=400&s=3d6c1e36b014167148c351b4abd01da3'),(11515,'Leonard Volodarchuk',25,11480,'kenzor',598,1.01,1,'https://img-cdn.hltv.org/playerbodyshot/8aBoSGYG9RM64OFBY8vV59.png?ixlib=java-2.1.0&w=400&s=bb3e6a6e52f7f7ed88e530c25be09c39'),(11538,'Chris Moseley',25,NULL,'Jinxx',400,1.04,1.01,NULL),(11574,'Peng Song',32,11273,'xiaosaGe',847,1,1,'https://img-cdn.hltv.org/playerbodyshot/FX1_YLcO3GEv1qrnlIl3rM.png?ixlib=java-2.1.0&w=400&s=10ea1bb1aaeb18ecd17c841f1b2aa249'),(11576,'Wei Wang',31,10472,'shuadapai',549,1.05,1.03,'https://img-cdn.hltv.org/playerbodyshot/9mzx5N9O1vFBI2Lh9M5EBU.png?ixlib=java-2.1.0&w=400&s=e54e8d40c8c0e17607a7f6e2de0fb786'),(11586,'Michael Gulino',23,NULL,'dapr',594,1.1,1.07,NULL),(11617,'Mario Samayoa',19,11309,'malbsMd',537,1.04,1.05,'https://img-cdn.hltv.org/playerbodyshot/6yoarIos4Dcg5GYptFRroz.png?ixlib=java-2.1.0&w=400&s=827ad0201909e415dba48743d3a103ae'),(11630,'Johnny Theodosiou',23,5005,'JT',1061,0.95,0.95,'https://img-cdn.hltv.org/playerbodyshot/KXTLFi0figtpByqPwnDQEf.png?ixlib=java-2.1.0&w=400&s=2fbd64629fabe6c66d29b9ed8e82743e'),(11654,'Almaz Asadullin',23,10977,'almazer',1310,1.02,1,'https://img-cdn.hltv.org/playerbodyshot/JogeilOmlX_6GWoC1Jigf7.png?ixlib=java-2.1.0&w=400&s=18de7c1c074fab7ea1988fd40e9d870d'),(11701,'Sabit Coktasar',25,8769,'mirbit',866,1.06,1.01,'https://img-cdn.hltv.org/playerbodyshot/keBrvuDJvw8DRiEQE_vIUK.png?ixlib=java-2.1.0&w=400&s=20e135a815d09985b6c83db67f14147f'),(11716,'Sanjar Kuliev',24,5378,'SANJI',743,0.92,0.92,'https://img-cdn.hltv.org/playerbodyshot/k4HzsaX9F0TUhE0B776m_N.png?ixlib=java-2.1.0&w=400&s=bafcd0d540bf95b8abc65600e54c91bd'),(11737,'Dylan Sabin-Arnce',26,NULL,'RIKO',406,1.02,1.03,NULL),(11739,'Bruno Martinelli',24,11420,'shz',801,1.11,1.07,'https://img-cdn.hltv.org/playerbodyshot/0LCEbS-mhQxg6Vy0eQYakB.png?ixlib=java-2.1.0&w=400&s=30b362076e668aadc28828026bf2e546'),(11746,'Lucas Yuji',26,NULL,'YJ',514,0.99,0.96,NULL),(11747,'Jhonatan Silva',28,8113,'jnt',628,1.01,0.98,'https://img-cdn.hltv.org/playerbodyshot/3da0mTt2M_y9JIlerYVnEt.png?ixlib=java-2.1.0&w=400&s=201064fdff218efdae3c9096509f39d2'),(11748,'Rafael Lima',28,NULL,'raafa',640,1.1,1.05,NULL),(11777,'Pavle Bošković',23,4869,'Maden',699,1.03,1.03,'https://img-cdn.hltv.org/playerbodyshot/NhG4j5ukYj0cFAMDyL0_QS.png?ixlib=java-2.1.0&w=400&s=ac1382991ac5742ea488734859554dd2'),(11815,'Guy Trachtman',22,10276,'anarkez',724,1.11,1.07,'https://img-cdn.hltv.org/playerbodyshot/tKuXbJmRbzLvOKOyxXpDZJ.png?ixlib=java-2.1.0&w=400&s=fec75aebc2ab3e987e215bdc82ef81fd'),(11816,'Robin Kool',22,6667,'ropz',1149,1.2,1.12,'https://img-cdn.hltv.org/playerbodyshot/l_IS_AAkos3MIvUkU6p4qP.png?ixlib=java-2.1.0&w=400&s=374f67d6607b5a62de3198207477b06a'),(11840,'Kirill Mikhailov',23,4608,'Boombl4',1085,0.98,0.98,'https://img-cdn.hltv.org/playerbodyshot/qliesvu3_EJBWizE9B0yno.png?ixlib=java-2.1.0&w=400&s=d5396c16405cad1eed0b87ea128a94bc'),(11842,'Ramazan Bashizov',22,10806,'Ramz1kBO$$',425,1.07,1.05,'https://img-cdn.hltv.org/playerbodyshot/WflJodOzvxj7FQFA36VpjU.png?ixlib=java-2.1.0&w=400&s=7880174d7266e6204dd7d04b37e98dd4'),(11844,'Sam Jones',31,NULL,'flickz',461,1.05,1.02,NULL),(11847,'Matthew O\'Rourke',21,NULL,'Texta',625,1.16,1.13,NULL),(11891,'Tomasz Wójcik',25,8813,'phr',1312,0.98,0.97,'https://img-cdn.hltv.org/playerbodyshot/t5r170QaZibZa9K85F8pWR.png?ixlib=java-2.1.0&w=400&s=0632f20b8541df506930431f5140ad15'),(11893,'Mathieu Herbaut',21,9565,'ZywOo',1020,1.37,1.27,'https://img-cdn.hltv.org/playerbodyshot/OfWl-Y6zn3vN-3EddoAAxo.png?ixlib=java-2.1.0&w=400&s=25528ee0f2700ad596c2a7ea2027adfc'),(11916,'Jere Salo',20,11102,'sergej',776,1.14,1.08,'https://img-cdn.hltv.org/playerbodyshot/uq8-3YwAHnyKvzl6vcbniy.png?ixlib=java-2.1.0&w=400&s=dfa7c56f1fcb664b82e00ff065bacbf9'),(11922,'Alexandre Santos',25,7653,'ALLE',423,1.01,1,'https://img-cdn.hltv.org/playerbodyshot/JLaff9KWeL3fi2DkCqI-Ae.png?ixlib=java-2.1.0&w=400&s=d5a84b7f45dd906c528e38d12833db51'),(11926,'Aleksandr Rubets',23,11371,'mds',1096,1.02,1,'https://img-cdn.hltv.org/playerbodyshot/BUDyczUhmtKDw18juT5JKv.png?ixlib=java-2.1.0&w=400&s=12addaa5373607006d858aa5c2d6720a'),(11940,'Sanzhar Iskhakov',21,7244,'neaLaN',1078,0.93,0.94,'https://img-cdn.hltv.org/playerbodyshot/Qt3fS2N8tneajbvxDirlaw.png?ixlib=java-2.1.0&w=400&s=f0888eb650dbab4a417a3e0254681a27'),(11942,'Timur Tulepov',22,5378,'buster',1252,1.1,1.04,'https://img-cdn.hltv.org/playerbodyshot/GJgWmr5-9TBk3mJUcNbSWu.png?ixlib=java-2.1.0&w=400&s=cf6d090b8cbb8950527aa0d5666970dc'),(11954,'Dion Derksen',26,11419,'FASHR',731,1.06,1.05,'https://img-cdn.hltv.org/playerbodyshot/1l70NTcVV-Aa-VTxnA5kYy.png?ixlib=java-2.1.0&w=400&s=11d907d468cb17b0c698f3071d388e9b'),(11995,'Thomas Bundsbæk',20,11665,'TMB',738,0.96,0.96,'https://img-cdn.hltv.org/playerbodyshot/9eTtpSKC0AF5Iph4Kc9k0L.png?ixlib=java-2.1.0&w=400&s=a1f1fb253b96e08c5fd9c2fd81330f2f'),(11996,'Jakob Schildt',24,11419,'Daffu',717,1.01,0.98,'https://img-cdn.hltv.org/playerbodyshot/0Qnp70GNzi3LWPajOEOl-G.png?ixlib=java-2.1.0&w=400&s=1f93f4b1535e8f3dac1a457990485971'),(12004,'Timur Sabirov',20,7244,'clax',387,1.04,1.01,'https://img-cdn.hltv.org/playerbodyshot/4JTwJnYHjHHEFMprfYrG1y.png?ixlib=java-2.1.0&w=400&s=480eb776d826c8b2210cccbcb0e7dd0c'),(12016,'Svyatoslav Dovbakh',27,NULL,'svyat',734,0.92,0.91,NULL),(12018,'René Madsen',21,7175,'TeSeS',832,1.07,1.05,'https://img-cdn.hltv.org/playerbodyshot/U4Jilc8UWatFpJQdaAGb_T.png?ixlib=java-2.1.0&w=400&s=01207559b65d6ad593516f7a3f56a870'),(12027,'Vladislav Kravchenko',23,10831,'Krad',1179,1.03,1.02,'https://img-cdn.hltv.org/playerbodyshot/v4ELAoCYF6eAQVOd5aXU9K.png?ixlib=java-2.1.0&w=400&s=ff9ad07f9197a86a45ff8c2c7f91245c'),(12030,'Rokas Milasauskas',21,NULL,'EspiranTo',871,1.08,1.07,NULL),(12083,'Andrew Adams',23,10041,'YDNA',435,1.01,0.99,'https://img-cdn.hltv.org/gallerypicture/kBRrleZF61nU7obG8XOkDj.jpg?bg=3e4c54&h=200&ixlib=java-2.1.0&rect=675%2C208%2C730%2C730&w=200&s=efa7b878c41ce2840dce59f222277407'),(12086,'Hugh Anderson',22,11636,'HUGHMUNGUS',765,1.04,1.01,'https://img-cdn.hltv.org/playerbodyshot/iB6WiiIJzEB3x4-J-WseIW.png?ixlib=java-2.1.0&w=400&s=7c49616e691293863d006d5ad2294ce0'),(12088,'Ryan Welsh',21,NULL,'ryann',697,0.98,0.98,NULL),(12089,'Anthony Malaspina',23,NULL,'vanity',609,1.01,0.99,NULL),(12092,'Maximiliano Gonzalez',23,9996,'max',556,1.07,1.03,'https://img-cdn.hltv.org/playerbodyshot/N44KtSguvatSlA7yJCw1b3.png?ixlib=java-2.1.0&w=400&s=4a9ae61ef881637cfca688dfb69b1651'),(12094,'Gabriel Sinopoli',26,11044,'1962',579,1,1.01,'https://img-cdn.hltv.org/playerbodyshot/8Htoh23yg-oWf3mtLlq8-3.png?ixlib=java-2.1.0&w=400&s=4ff9c23e9057604077d7c38cc6c379fe'),(12101,'Jason Tran',19,NULL,'neptune',498,1,0.99,NULL),(12102,'Jonathan Dallal',28,11734,'djay',844,1,0.99,'https://img-cdn.hltv.org/playerbodyshot/li8WhR9zQ-Qk615FvrNdlX.png?ixlib=java-2.1.0&w=400&s=beb2e4489c95f5028412daed91e769bf'),(12113,'Jonathan Carey',22,11734,'Jonji',1078,0.98,0.98,'https://img-cdn.hltv.org/playerbodyshot/htFTUzisYxwrNqJvwHF_Lq.png?ixlib=java-2.1.0&w=400&s=e086565a81a60476447e535af685be86'),(12126,'Valentin Vasilev',23,4991,'poizon',1101,1.15,1.1,'https://img-cdn.hltv.org/playerbodyshot/N7NdU6fO3tG4gplyX-8aIi.png?ixlib=java-2.1.0&w=400&s=b2cfdaeff19d762e206c763979458b53'),(12129,'Anupong Mueangngam',25,11083,'stk',591,0.98,0.97,'https://img-cdn.hltv.org/playerbodyshot/0c7Hi57KSgSCQGFxnl3rhx.png?ixlib=java-2.1.0&w=400&s=c5ee4535e6269d7ca01eecca6020c164'),(12161,'Aidyn Turlybekov',22,NULL,'KrizzeN',763,0.97,0.95,NULL),(12244,'Sergey Atamanchuk',21,11463,'Sergiz',465,1.01,0.98,'https://img-cdn.hltv.org/playerbodyshot/QEFWj3zhUFXB7lCiz0qZuB.png?ixlib=java-2.1.0&w=400&s=11bda51c90a18138b463fea03bd28880'),(12269,'Rassim Valijev',27,7969,'Jyo',1178,1.05,1.01,'https://img-cdn.hltv.org/playerbodyshot/wiUYB8irkI5QRQ5Tl9xBhm.png?ixlib=java-2.1.0&w=400&s=0040bb61203975c148fbf34b1d36ff7a'),(12271,'Kaleb Jayne',24,NULL,'moose',752,1.16,1.1,NULL),(12317,'Fodor Levente',21,9802,'fleav',567,1.04,1.04,'https://img-cdn.hltv.org/playerbodyshot/ivRoEYN6mp2Ac3gk7-3Hcg.png?ixlib=java-2.1.0&w=400&s=bff0d51fb1bde1c42e5e02d84158fb71'),(12379,'Aleksa Stankić',26,11813,'Impulse',772,1.12,1.07,'https://img-cdn.hltv.org/playerbodyshot/JbSFt-tjq0Bkdu1Q3qbYAF.png?ixlib=java-2.1.0&w=400&s=88eba80d4677e453d496db13b6f7d452'),(12490,'Heng Yang',23,8840,'expro',438,0.97,0.96,'https://img-cdn.hltv.org/playerbodyshot/1siEd4KxLMHraIAfPHCLrx.png?ixlib=java-2.1.0&w=400&s=630234796c39a4db0ca003a80ddcc151'),(12521,'Andrei Piovezan',26,8297,'arT',1008,1,1,'https://img-cdn.hltv.org/playerbodyshot/APsaniM__qNW2eJA4Of8wq.png?ixlib=java-2.1.0&w=400&s=6a808fd52d4314741c7cfa89f9ef3882'),(12553,'Yuri Santos',22,8297,'yuurih',1022,1.19,1.12,'https://img-cdn.hltv.org/playerbodyshot/_I8K7JaFgC64cefe16uV8p.png?ixlib=java-2.1.0&w=400&s=bb04aa3632418c3ed8a8b28c03e37f73'),(12564,'Kritthee Sawatmuang',24,NULL,'Geniuss',398,1.04,1.04,NULL),(12572,'Daniel Narancic',28,4411,'djL',688,0.86,0.86,'https://img-cdn.hltv.org/playerbodyshot/pemujnoZGLhb_sOVlQSQA9.png?ixlib=java-2.1.0&w=400&s=924f60be921fea5ded2f1fa17ddfbdf9'),(12588,'Toby Barnes',22,10672,'BRACE',408,0.93,0.94,'https://img-cdn.hltv.org/playerbodyshot/GpC3AygP3eNVUR79SxVbac.png?ixlib=java-2.1.0&w=400&s=eb06a39796664753c7fc7f824955fbb3'),(12590,'Jay Jeong',24,NULL,'soju_j',554,0.96,0.95,NULL),(12591,'Euan Moore',24,11726,'sterling',861,1.3,1.17,'https://img-cdn.hltv.org/playerbodyshot/Rg6dzOmjJoGVL8yKT6k_Hb.png?ixlib=java-2.1.0&w=400&s=4c9912cb9efef4bd677fbd288163f647'),(12593,'Jireh Youakim',22,NULL,'J1rah',785,1,0.99,NULL),(12699,'Daniel Płomiński',27,NULL,'STOMP',809,1.1,1.04,NULL),(12708,'Rigon Gashi',22,11518,'rigoN',382,1.03,1.06,'https://img-cdn.hltv.org/playerbodyshot/ObJj6uzmZzfbSk25dDEGKB.png?ixlib=java-2.1.0&w=400&s=030e94f8ffb0e9a4da08eb2ed3384b47'),(12710,'Anthony Guimond',21,NULL,'gMd',464,0.99,0.99,NULL),(12713,'Ricky Kemery',22,5005,'floppy',813,1.12,1.09,'https://img-cdn.hltv.org/playerbodyshot/zVSGWKl5DUdTKmWYhilDSJ.png?ixlib=java-2.1.0&w=400&s=7da413d90cae98651f7e32c7c7dcf5bd'),(12715,'Peter Athanasatos',29,NULL,'BL1TZ',732,1.13,1.09,NULL),(12731,'Viktor Orudzhev',25,4608,'sdy',1099,1.11,1.05,'https://img-cdn.hltv.org/playerbodyshot/jbP7pegD28QtybvLGhYVbH.png?ixlib=java-2.1.0&w=400&s=8737d873bf933e2881c0850fd92deddc'),(12732,'Evgenii Lebedev',21,11595,'FL1T',1249,1.13,1.08,'https://img-cdn.hltv.org/playerbodyshot/7V-eVb5XYP_ioF_VMve4vo.png?ixlib=java-2.1.0&w=400&s=464a558f58c1902e18d6eedda66cb2fd'),(12733,'Bogdan Chernikov',24,7244,'xsepower',1282,1.23,1.11,'https://img-cdn.hltv.org/playerbodyshot/rJA5OfW5xayP3nKMdfb1Zb.png?ixlib=java-2.1.0&w=400&s=706f83bf70f994d7fece2336b0daf7a6'),(12781,'Nils Gruhne',23,10254,'k1to',1275,0.99,0.99,'https://img-cdn.hltv.org/playerbodyshot/17JDJPbq5oq1nNlv6_jjso.png?ixlib=java-2.1.0&w=400&s=738d40ac739b613a20ccb6d63dd17176'),(12782,'Marko Đorđević',26,NULL,'kressy',1102,1.06,1.03,NULL),(12810,'Max Kvapil',21,10577,'SHOCK',740,1.04,1.01,'https://img-cdn.hltv.org/playerbodyshot/JjaxXB0zhD0yiq1ev0Mj4j.png?ixlib=java-2.1.0&w=400&s=e0f5dea60be4594df2fa0dce2da80c95'),(12822,'Vinicius Figueiredo',23,9455,'VINI',1000,1,0.99,'https://img-cdn.hltv.org/playerbodyshot/efj0WxAl9Hb8lEP5qCasoA.png?ixlib=java-2.1.0&w=400&s=84fbf15de818a00f4dddd27855aea77f'),(12840,'Håkon Fjærli',22,5005,'hallzerk',746,1.11,1.07,'https://img-cdn.hltv.org/playerbodyshot/yehskVXh-4nWylXQ6ky9Sd.png?ixlib=java-2.1.0&w=400&s=6e25a194cc50da7f779fff28f2c9b127'),(12872,'Tom Henry',23,NULL,'apocdud',735,0.99,0.98,NULL),(12876,'Ollie Tierney',25,NULL,'DickStacy',624,1.03,1.01,NULL),(12877,'Michael Hawkins',22,NULL,'chelleos',560,1.15,1.12,NULL),(12937,'Adam Andersson',23,11419,'WolfY',529,1.11,1.04,'https://img-cdn.hltv.org/playerbodyshot/wVQJgeyjyAmL17VfyoUFtd.png?ixlib=java-2.1.0&w=400&s=ddc41ef4abd4c26feaa35da091fc5d24'),(13018,'Thomas Utting',24,NULL,'Thomas',948,1.05,1.03,NULL),(13042,'Logan Corti',24,NULL,'LOGAN',590,0.97,0.96,NULL),(13054,'Charlie Dodd',20,11558,'zeph',564,1.06,1.05,'https://img-cdn.hltv.org/gallerypicture/2pfmw28tHO2KkyST35-2xJ.jpg?bg=3e4c54&h=200&ixlib=java-2.1.0&rect=714%2C219%2C674%2C674&w=200&s=071687be0562b1b95e61b6caede9106f'),(13093,'Raúl Jordán Nieto',26,7718,'DeathZz',533,1.01,0.99,'https://img-cdn.hltv.org/playerbodyshot/I17IGR0UcoT37Tf3rsSIhA.png?ixlib=java-2.1.0&w=400&s=70a04cd1910a9657efd8a0ed53ec6e1f'),(13138,'Bryan Canda',25,11283,'Maka',1199,1.11,1.06,'https://img-cdn.hltv.org/playerbodyshot/2aXFCfKS0kgXkKA7CsnmCe.png?ixlib=java-2.1.0&w=400&s=891f9b0912f6f4159e927d053d81b997'),(13148,'Haakon Tholo',23,10942,'Radifaction',509,0.98,0.98,'https://img-cdn.hltv.org/gallerypicture/7D9ONYiDdBrG6FelTKVCQV.jpg?bg=3e4c54&h=200&ixlib=java-2.1.0&rect=384%2C69%2C2745%2C2745&w=200&s=cb0bb46839fb06e014c4f8233215ad11'),(13155,'Anton Titov',26,11136,'speed4k',767,1.04,1.01,'https://img-cdn.hltv.org/playerbodyshot/05OHmUu0MijJL7Dm1Um1vX.png?ixlib=java-2.1.0&w=400&s=5914dff6154684dee1992e80decdc04d'),(13156,'Aleksei Burakov',27,11699,'RuFire',389,0.74,0.78,'https://img-cdn.hltv.org/playerbodyshot/O4MSYHIljOLi7UeYc9Zeqp.png?ixlib=java-2.1.0&w=400&s=e80766da7a38619116a8aa47f356d9db'),(13157,'Andrey Mekhryakov',24,8135,'Jerry',1598,1.01,0.99,'https://img-cdn.hltv.org/playerbodyshot/oRQfyB8ydtVo6RsjXT6Us4.png?ixlib=java-2.1.0&w=400&s=8cb5807b66e5af82686026e21e4a0ccc'),(13170,'Oliver Rasmussen',22,4602,'kwezz',627,0.99,0.98,'https://img-cdn.hltv.org/playerbodyshot/jnqFqcMBLjYvBl6ghFmaaE.png?ixlib=java-2.1.0&w=400&s=ef7346f686c1e1c5cfaae7f8d9c8912d'),(13177,'Brenden McGrath',26,NULL,'stellar',427,1,0.98,NULL),(13179,'Jeff Ngo',22,10462,'RZU',466,0.94,0.95,'/img/static/player/player_silhouette.png'),(13182,'Jack Holiman',22,NULL,'xCeeD',449,1.02,1.02,NULL),(13186,'Cameron Kern',24,NULL,'cam',544,1.02,1,NULL),(13188,'Jordan Montemurro',24,NULL,'Zellsis',626,1.07,1.05,NULL),(13228,'Logan Long',22,11254,'Voltage',438,1.09,1.02,'https://img-cdn.hltv.org/gallerypicture/mTPNmRGPE50CB0CB-eW4Yg.jpg?bg=3e4c54&h=200&ixlib=java-2.1.0&rect=1988%2C99%2C2484%2C2484&w=200&s=823854cce6a00bd6d5f1cd7d61908f8d'),(13229,'Ryan Amann',20,11254,'Snakes',410,1.07,1.04,'https://img-cdn.hltv.org/gallerypicture/0S0pOVtEAUdhXqeISNF5lv.jpg?bg=3e4c54&h=200&ixlib=java-2.1.0&rect=1665%2C46%2C2281%2C2281&w=200&s=a0e6da6852bb01315c5e738e0abea34f'),(13230,'Ian Hardy',22,9943,'motm',958,1.06,1.04,'https://img-cdn.hltv.org/playerbodyshot/aLO3IUT9iZoEJcoY3UbmWL.png?ixlib=java-2.1.0&w=400&s=b4e87697e3905ceaa8ec028f6460e10e'),(13238,'Kitikawin Rattanasukol',23,NULL,'PTC',476,1.18,1.11,NULL),(13239,'Alexey Golubev',23,11595,'Qikert',1269,1.09,1.05,'https://img-cdn.hltv.org/playerbodyshot/pRsKloibCHogx6XWJDNkAX.png?ixlib=java-2.1.0&w=400&s=fdfaef9c190ce139e8c5f4e8f3468601'),(13240,'Viktor Boldyrev',22,NULL,'Lack1',902,1,1,NULL),(13249,'Josh Ohm',23,5973,'oSee',1103,1.19,1.11,'https://img-cdn.hltv.org/playerbodyshot/Bq-o0nulU4G2xOGoLp5AfH.png?ixlib=java-2.1.0&w=400&s=e11427343924455fd4c5ce888f32f521'),(13250,'Ben Smith',24,11734,'ben1337',940,0.89,0.9,'https://img-cdn.hltv.org/playerbodyshot/5VnZvjliEXUVUzt-eh8e9y.png?ixlib=java-2.1.0&w=400&s=02065c2584827346cef477ee0980e2c6'),(13254,'Tyson Ngo',21,NULL,'TenZ',401,1.12,1.1,NULL),(13273,'Brandon Winn',27,NULL,'Ace',456,1.08,1.02,NULL),(13281,'Aleksei Gusev',23,10831,'El1an',1304,1.22,1.13,'https://img-cdn.hltv.org/playerbodyshot/Vm3vJyQWHRMNT49g47QwJ4.png?ixlib=java-2.1.0&w=400&s=adada0d36e05c9ba308a97e12db07682'),(13300,'Asger Jensen',23,6665,'Farlig',731,1.15,1.08,'https://img-cdn.hltv.org/playerbodyshot/Y1qxi0zo88ql7FtsZY_yFX.png?ixlib=java-2.1.0&w=400&s=7d539ca896de34044ad59e10947099ad'),(13396,'Aaro Peltokangas',23,NULL,'hoody',575,1.04,1.02,NULL),(13464,'Martin Kuyumdjiev',25,11570,'mar',731,1.03,1.02,'https://img-cdn.hltv.org/playerbodyshot/kmUMFappeT9pLcFyC2Ze0e.png?ixlib=java-2.1.0&w=400&s=1fca9a859daf4c8eb1be8d0d693e5750'),(13466,'Denislav Dimitrov',22,10386,'dennyslaw',1173,1.15,1.09,'https://img-cdn.hltv.org/playerbodyshot/CRBLjKcLl0j5TBPJx6_Dbx.png?ixlib=java-2.1.0&w=400&s=4e2e9a78767b07a54b5ccc8c5aabb8f6'),(13497,'Lucas Chastang',24,11501,'Lucky',1224,1.07,1.03,'https://img-cdn.hltv.org/playerbodyshot/86dVryTPfa7WdeSOTPEbP3.png?ixlib=java-2.1.0&w=400&s=1423b790d0848319fafcea7983099600'),(13578,'Michael Wince',21,5005,'Grim',892,1.04,1.05,'https://img-cdn.hltv.org/playerbodyshot/zhwgL6-wKVNZzSPagLBo4t.png?ixlib=java-2.1.0&w=400&s=d83c7881ee18290cea9a83dc076a674c'),(13589,'Gabe Greiner',22,9799,'Spongey',814,1.08,1.02,'https://img-cdn.hltv.org/playerbodyshot/TLbIfCvaXyYnjrtuK3ncqq.png?ixlib=java-2.1.0&w=400&s=2c6eaf8bf24cb69f19ed7666d2c3bf50'),(13602,'Nico Tamjidi',21,4991,'nicoodoz',727,1.15,1.07,'https://img-cdn.hltv.org/playerbodyshot/G4eXVyd7h_qNBUXZX-LVcP.png?ixlib=java-2.1.0&w=400&s=480ea3327e322438e6ae1d3a65bc0409'),(13666,'Ludvig Brolin',20,4411,'Brollan',1000,1.08,1.07,'https://img-cdn.hltv.org/playerbodyshot/EneTRBCYnRkHD9BULC0wOd.png?ixlib=java-2.1.0&w=400&s=2ba050f4f1d7d1cb5f08f39f9fe83697'),(13670,'Tim Jonasson',24,9806,'nawwk',894,1.19,1.1,'https://img-cdn.hltv.org/playerbodyshot/vjYgJKIKRnQY70HbosJgEF.png?ixlib=java-2.1.0&w=400&s=cf4918a922f955c7c83b00b26eca5d38'),(13679,'Žygimantas Chmieliauskas',24,NULL,'nukkye',592,1.13,1.08,NULL),(13718,'Thomas Due-Frederiksen',28,11419,'birdfromsky',812,0.86,0.87,'https://img-cdn.hltv.org/playerbodyshot/mDStPGtDP33cnq1QO4-VFq.png?ixlib=java-2.1.0&w=400&s=593a96983745749adc7720cd582c8993'),(13749,'Jonas Dideriksen',23,10867,'Queenix',481,0.99,0.97,'https://img-cdn.hltv.org/playerbodyshot/fv_EcizK6kGaM-fU43p4Em.png?ixlib=java-2.1.0&w=400&s=36b68ab39a138a187952b6f7a1584fcb'),(13776,'Dzhami Ali',23,11595,'Jame',1189,1.31,1.13,'https://img-cdn.hltv.org/playerbodyshot/7EC4tcVjT9lW-UTBtHIZm-.png?ixlib=java-2.1.0&w=400&s=ccf790b8f2b224e230e1cc6ebf655c50'),(13779,'Pavel Legostaev',28,11371,'PASHANOJ',608,0.8,0.83,'https://img-cdn.hltv.org/playerbodyshot/qhJLw63Foq911bz3Ydc8g2.png?ixlib=java-2.1.0&w=400&s=d9d2e857e9f22587d9ca881fb9fc2a52'),(13780,'Dmitry Matvienko',26,NULL,'dimasick',585,1.04,1.02,NULL),(13843,'Philip Ewald',19,4602,'Lucky',454,1.1,1.04,'https://img-cdn.hltv.org/playerbodyshot/jEVevAl8-IT-9LGz6fWQUB.png?ixlib=java-2.1.0&w=400&s=c41d3a7d25625d3b17472404015f24e4'),(13915,'Mareks Gaļinskis',22,5378,'YEKINDAR',1104,1.07,1.07,'https://img-cdn.hltv.org/playerbodyshot/_1usOKJ_u6OiShjeo9e5NH.png?ixlib=java-2.1.0&w=400&s=e4cd2ad913ab8b7ce1b187c7eaf75791'),(13976,'Anton Burko',27,7969,'boX',1261,0.94,0.94,'https://img-cdn.hltv.org/playerbodyshot/WmUR6FYhT09fG4KDkmOhN3.png?ixlib=java-2.1.0&w=400&s=9ceb473503067fb2121f62dd3637e046'),(13980,'Igor Solodkov',26,10621,'lollipop21k',1173,1.12,1.09,'https://img-cdn.hltv.org/playerbodyshot/sDxyrsx22mUJ9MfC1Xmh5W.png?ixlib=java-2.1.0&w=400&s=2f3d1f82559726dc97ce717f6136d4f4'),(13982,'Igor Bezotecheskiy',22,10831,'Forester',1211,1.05,1.03,'https://img-cdn.hltv.org/playerbodyshot/dpWmJY2D_WbeDgRcVVkOHh.png?ixlib=java-2.1.0&w=400&s=dcdb846b9eb4caa9b8e44fc15dc73fe1'),(13989,'Leon Felipe',28,NULL,'ryotzz',447,0.98,0.99,NULL),(13992,'Krasen Minchev',23,NULL,'Zix',400,0.98,0.98,NULL),(14055,'Dmitriy Senigov',25,10977,'propleh',395,0.98,0.97,'https://img-cdn.hltv.org/playerbodyshot/gYsQZ-7SLE9LCrlg94Bnk6.png?ixlib=java-2.1.0&w=400&s=af0785b170fb425d61d375fdaa97772f'),(14087,'Elias Olkkonen',21,NULL,'Jamppi',503,1.16,1.12,NULL),(14148,'Rasmus Beck',23,7175,'sjuush',825,1.07,1.03,'https://img-cdn.hltv.org/playerbodyshot/x2r-3OQ2U10ygtgmIOlFat.png?ixlib=java-2.1.0&w=400&s=83bba5cc5e38d75b66451b5ecc61794f'),(14161,'Artem Gradovich',26,11219,'RAiLWAY',461,0.93,0.95,'https://img-cdn.hltv.org/playerbodyshot/gYxKayyujZLMRCVvyKrQXk.png?ixlib=java-2.1.0&w=400&s=ce408b41b2207247b93ce3cc3cc63faa'),(14171,'Dmitry Bolotov',25,NULL,'rAge',382,1.11,1.03,NULL),(14176,'Kévin Rabier',19,9565,'misutaaa',458,0.95,0.95,'https://img-cdn.hltv.org/playerbodyshot/o_GP_SA_JO1TuiSZNsNuNk.png?ixlib=java-2.1.0&w=400&s=b075d0bc870da479b5b8fd14a4a2a67d'),(14202,'András Fercsák',22,11001,'coolio',379,0.91,0.9,'https://img-cdn.hltv.org/playerbodyshot/KWSaKdtGnOSAxYlt2fKtmV.png?ixlib=java-2.1.0&w=400&s=aecbcaeb3fc608e212fe13f83ba325aa'),(14203,'Alan Hardeman',24,9799,'Shakezullah',836,0.97,0.94,'https://img-cdn.hltv.org/playerbodyshot/h6V49awRNWyBW_sB8VkInz.png?ixlib=java-2.1.0&w=400&s=26a783438efeb04e41bb4e2ac69d505b'),(14205,'Roberts Čigauskis',20,11788,'R0b3n',527,1.02,1,'https://img-cdn.hltv.org/playerbodyshot/dPf7L4ZABMNv-KdBsgY1Yt.png?ixlib=java-2.1.0&w=400&s=668e543ad2a9e19c33b8b67c795a9166'),(14218,'Nicolas Gonzalez Zamora',20,4411,'Plopski',1027,1.05,1.02,'https://img-cdn.hltv.org/playerbodyshot/WtGwESz1y4aPKFwjL5hGjM.png?ixlib=java-2.1.0&w=400&s=c14c69df7d01aa462f0f07161e8e4a68'),(14221,'Kacper Słoma',26,10753,'kaper',536,0.98,0.96,'https://img-cdn.hltv.org/playerbodyshot/cqAnoO064zbVaKxhIgXSgd.png?ixlib=java-2.1.0&w=400&s=5450c25857a5dcb705e7a15b151abac1'),(14273,'Artem Egorov',25,7969,'iDISBALANCE',871,1.14,1.07,'https://img-cdn.hltv.org/playerbodyshot/klK-kvG617zYpu0R8RChwH.png?ixlib=java-2.1.0&w=400&s=e574f6591f286a5c04f8c65ece7b2df8'),(14290,'Jordan Newland',24,11624,'SkulL',598,0.91,0.93,'https://img-cdn.hltv.org/playerbodyshot/CeNAVuznCy4Y-VtrkbaiZH.png?ixlib=java-2.1.0&w=400&s=89fa34381a2937a94f285e152fa169d9'),(14294,'Jared O\'Bree',20,11726,'hazr',784,1.1,1.08,'https://img-cdn.hltv.org/playerbodyshot/197SIF05BIx9IrQzOmXySE.png?ixlib=java-2.1.0&w=400&s=ee643fad482ffccbdcf5eb8ece3aa6dc'),(14311,'Haris Hadzic',25,10943,'H4RR3',661,0.94,0.95,'https://img-cdn.hltv.org/playerbodyshot/Zh6qCjgBhj1lWwuF7fIJ90.png?ixlib=java-2.1.0&w=400&s=a96442536ca1a1956faf37b279c6b927'),(14359,'Alikhan Kopzhanov',24,8120,'w1nt3r',558,0.98,0.96,'https://img-cdn.hltv.org/playerbodyshot/8xjuMAd4kcCQ--4SiI6vCD.png?ixlib=java-2.1.0&w=400&s=1ec55f34f6d133f2dc33b54524a61263'),(14388,'Erik Sith',23,10873,'The eLiVe',529,0.98,0.96,'https://img-cdn.hltv.org/playerbodyshot/xHVBJ9RU2IoeDCofHReE-V.png?ixlib=java-2.1.0&w=400&s=b191d2a324959e45c9ad5167e00075c7'),(14390,'Adriano Cerato',27,NULL,'WOOD7',547,1.03,0.98,NULL),(14394,'Matheus Anhaia',23,9215,'Tuurtle',750,1.03,1.02,'https://img-cdn.hltv.org/playerbodyshot/de89NzNQBXkOnHPQOACyOl.png?ixlib=java-2.1.0&w=400&s=82f73dea0355bb6b79595572fc2419ec'),(14419,'Fredrik Jørgensen',28,4991,'roeJ',896,1.09,1.06,'https://img-cdn.hltv.org/playerbodyshot/dZQUKwm-NqF6ggl0NY_xrl.png?ixlib=java-2.1.0&w=400&s=a1e1752f454b873f340d749ffadf9e0b'),(14445,'Kaique Guidotti',27,NULL,'kai',483,1.05,1.02,NULL),(14494,'Paytyn Johnson',21,5005,'junior',485,1.17,1.07,'https://img-cdn.hltv.org/playerbodyshot/T0n6uYqkcHNLcBh0CFk1gI.png?ixlib=java-2.1.0&w=400&s=e21305e318e9a03c296a89de8851d902'),(14505,'Luke Blakey',27,NULL,'ekul',452,1.12,1.1,NULL),(14602,'Ole Kristian Langan',23,10942,'Marcelious',472,1.08,1.05,'https://img-cdn.hltv.org/playerbodyshot/hQSlMX6QNBTdLnFHJ_7uF_.png?ixlib=java-2.1.0&w=400&s=689f6df678155434d7262f4dc1f4f4e0'),(14619,'Gage Green',24,11254,'Infinite',827,1.14,1.1,'https://img-cdn.hltv.org/playerbodyshot/jSn7QmUzK_tBlBxYkymzeq.png?ixlib=java-2.1.0&w=400&s=12409ea1bcb46c1e0ccbfb7548d16ae4'),(14670,'Patryk Fabrowski',22,NULL,'Patitek',377,1.03,1.03,NULL),(14684,'Grzegorz Jędras',23,NULL,'jedqr',819,1.04,1.01,NULL),(14736,'Franco Garcia',21,9996,'dgt',421,1.2,1.11,'https://img-cdn.hltv.org/playerbodyshot/JkVhOh48tRTgN6W5A1-bHM.png?ixlib=java-2.1.0&w=400&s=1cc60072f41f94d2e94bbb646dded8c4'),(14737,'Ignacio Meyer',19,11044,'meyern',436,1.1,1.07,'https://img-cdn.hltv.org/playerbodyshot/XgeS8kEXvx_UmIJ4opF8-b.png?ixlib=java-2.1.0&w=400&s=9e6615a39617e4cf4fce5c8102c3c82c'),(14759,'Ivan Mihai',23,9928,'iM',768,1.06,1.05,'https://img-cdn.hltv.org/playerbodyshot/SAAlZpD9eYAykQWiMZFBnW.png?ixlib=java-2.1.0&w=400&s=1b1717aad0c5a64a144ba5e0d88eb132'),(14929,'Jon de Castro',22,4494,'JDC',521,1.02,1.01,'https://img-cdn.hltv.org/playerbodyshot/JG35wkejaw0EBMMNmLPF_R.png?ixlib=java-2.1.0&w=400&s=3f8f143d0e132063158a2425baef11ee'),(14932,'Josef Baumann',22,7532,'faveN',1348,1.13,1.08,'https://img-cdn.hltv.org/playerbodyshot/msrBc6tWYgY0vC56JIV_3H.png?ixlib=java-2.1.0&w=400&s=c953683acf98dade7ea47a85a260c7db'),(14954,'Cooper Farrell',21,NULL,'void',437,1.02,1,NULL),(14957,'Daryl May',23,NULL,'Mayker',433,0.97,0.97,NULL),(15007,'Austin Abadir',28,5479,'Cooper',771,1.16,1.09,'https://img-cdn.hltv.org/playerbodyshot/EfOyIdnxoYVrwZvSAW3sFY.png?ixlib=java-2.1.0&w=400&s=980c80c39b0ccada4d30c2e66b5350fd'),(15071,'Timofey Yakushin',21,5752,'interz',867,0.99,0.94,'https://img-cdn.hltv.org/playerbodyshot/Qu9pCR7PUWJwfwjDXnxP0e.png?ixlib=java-2.1.0&w=400&s=f979fc86a4424ac824b6fa18b927f99a'),(15072,'Yesuntumur Gantulga',24,11585,'nin9',398,1.1,1.05,'https://img-cdn.hltv.org/playerbodyshot/3wDJRfceIWsqXL-bCSLm2O.png?ixlib=java-2.1.0&w=400&s=0bd601569bf70ec5658f9121bb9f1427'),(15090,'Josh Pigue',31,11734,'PwnAlone',918,1.15,1.09,'https://img-cdn.hltv.org/playerbodyshot/TeH-BHH0VU-B_Za0ODMdNo.png?ixlib=java-2.1.0&w=400&s=ebaad1b9887b147671fd71b507ffe4c0'),(15096,'Denis Gutaj',22,11401,'grux',490,1.03,1.01,'https://img-cdn.hltv.org/playerbodyshot/WkyVZMEmh71w26U9b6AR9W.png?ixlib=java-2.1.0&w=400&s=de19763bafbf129fa08cc5b345a547f4'),(15117,'Nicolas Dgus',21,11283,'Keoz',832,0.96,0.97,'https://img-cdn.hltv.org/playerbodyshot/7k0OSybGIycUEk67zVKHGv.png?ixlib=java-2.1.0&w=400&s=1b46d0630654d531f290671b8954cc66'),(15120,'Gaëtan Jamin',27,NULL,'JiNKZ',542,0.88,0.89,NULL),(15165,'Benjamin Bremer',25,6665,'blameF',884,1.26,1.15,'https://img-cdn.hltv.org/playerbodyshot/hUxKccHOmYqdTM6V4icoL5.png?ixlib=java-2.1.0&w=400&s=8cc73dfdc90a27a4bbb63efa8b8b53b1'),(15180,'Samuli Herrala',20,9648,'Twixie',760,0.94,0.94,'https://img-cdn.hltv.org/playerbodyshot/MPZSM-Bg9EOzNSXtN48hF_.png?ixlib=java-2.1.0&w=400&s=c8cece668fc33d0f68a9cbf8c4a89f67'),(15204,'Arek Nawojski',22,10973,'Vegi',801,0.99,0.99,'https://img-cdn.hltv.org/playerbodyshot/p2Y50ayHhbj9UBQ-lg3Oaq.png?ixlib=java-2.1.0&w=400&s=8a7323c29979c5c3f7ae485b29a240dd'),(15255,'Christopher Swahn',24,NULL,'Swahn',397,1.08,1.04,NULL),(15349,'Marcus Kjeldsen',24,11419,'maNkz',692,0.96,0.96,'https://img-cdn.hltv.org/playerbodyshot/iQ1ogaR00qZFwdaliV7ao0.png?ixlib=java-2.1.0&w=400&s=8879cfc4e602f20f9019ea90c87800d7'),(15369,'Hristiyan Pironkov',20,11665,'REDSTAR',655,1.11,1.05,'https://img-cdn.hltv.org/playerbodyshot/tbI0b-MKmUayB7_mAvkn1k.png?ixlib=java-2.1.0&w=400&s=4f93f1c432bf57d8ca0110d9fab18de6'),(15370,'Fritz Dietrich',23,8637,'slaxz-',936,1.13,1.07,'https://img-cdn.hltv.org/playerbodyshot/7o34bszsn9W14wdXcMCRGr.png?ixlib=java-2.1.0&w=400&s=3f380d31ecf859673953fbac76e351c0'),(15419,'Lifan Ran',22,NULL,'Viva',597,1.05,1.01,NULL),(15428,'Krzysiek Gorski',21,NULL,'Goofy',1110,1.02,1.02,NULL),(15501,'Jonathan Bodenmalm',24,9943,'b0denmaster',542,1.06,1.02,'https://img-cdn.hltv.org/playerbodyshot/ZoRh6xUI3C5CMi8FIxo9fb.png?ixlib=java-2.1.0&w=400&s=7b2fdebe29a89ca57835cc6cd103d39b'),(15563,'Tuomas Louhimaa',21,11520,'SADDYX',647,0.97,0.96,'https://img-cdn.hltv.org/playerbodyshot/lQCNRwddmPKGtiBN-m79qb.png?ixlib=java-2.1.0&w=400&s=4b1c04587a7a5b71b73867926f185f69'),(15565,'Jarkko Rahja',21,7865,'Spargo',448,1.05,1.03,'https://img-cdn.hltv.org/playerbodyshot/HPz2XF5sfDAPYVibz0xGFh.png?ixlib=java-2.1.0&w=400&s=5e6edc247fe38cb10a8219009c485ee3'),(15569,'Anton Palmgren',19,11737,'Sapec',451,0.96,0.97,'https://img-cdn.hltv.org/playerbodyshot/i1Cibs66EbakkA_sI_vqMG.png?ixlib=java-2.1.0&w=400&s=e5d6fb84af75a9bb0b362040d30f9789'),(15631,'Kaike Cerato',22,8297,'KSCERATO',930,1.27,1.14,'https://img-cdn.hltv.org/playerbodyshot/7UlnSQw1PMKkNuZjl16KSE.png?ixlib=java-2.1.0&w=400&s=11191d2ef2779a52d655eae7064c88fe'),(15639,'Adam Wahlqvist',24,11401,'dezon',547,0.97,0.95,'https://img-cdn.hltv.org/playerbodyshot/4a0vwhbcYM9jvdCthK6CjX.png?ixlib=java-2.1.0&w=400&s=48847a4c866cea7cb5a2c38d7eed694f'),(15662,'Aleksandr Zagodyrenko',24,8135,'zorte',754,1.2,1.11,'https://img-cdn.hltv.org/playerbodyshot/dHdSUQSZf7PKOTZ-C15csw.png?ixlib=java-2.1.0&w=400&s=82271b93428def0bf60a1e747b332da1'),(15683,'Kelun Sun',20,4863,'SLOWLY',540,1.06,1.05,'https://img-cdn.hltv.org/playerbodyshot/BTNQJzjaLSaqK2xffD0rGh.png?ixlib=java-2.1.0&w=400&s=637f8e2664dd70ef5d236638de506f75'),(15697,'Patryk Korab',24,11387,'Sidney',489,0.95,0.94,'https://img-cdn.hltv.org/playerbodyshot/ggRqkF1mtHMVmJcBEpszEz.png?ixlib=java-2.1.0&w=400&s=d5dac0d01b4146f6debe6b0731329640'),(15698,'Eduardo Wolkmer',18,11309,'dumau',473,1.18,1.1,'https://img-cdn.hltv.org/playerbodyshot/KlHewq8Qis8AjzLb50QP_4.png?ixlib=java-2.1.0&w=400&s=0f2edc3e219971191fbf96b3b308096d'),(15726,'Piotr Nawrocki',23,NULL,'nawrot',603,0.85,0.87,NULL),(15778,'Sener Mahmuti',25,11518,'SENER1',380,0.91,0.91,'https://img-cdn.hltv.org/playerbodyshot/NPK2Q2jF0vhDG-S-49fD-D.png?ixlib=java-2.1.0&w=400&s=7912188363e7e4036f6e90f485e87adb'),(15821,'Adam Zouhar',21,10503,'NEOFRAG',676,1.13,1.11,'https://img-cdn.hltv.org/playerbodyshot/PQCpp987_P7WxvynPc9zH_.png?ixlib=java-2.1.0&w=400&s=e8a6861bdbf17dc89d821948da06739f'),(15835,'Ömer Karataş',22,11251,'imoRR',650,1.01,1.03,'https://img-cdn.hltv.org/playerbodyshot/QIpwMbT_-muSuE75xa4Rb-.png?ixlib=java-2.1.0&w=400&s=575741d0991988df87e9ec976dbaac68'),(15940,'Kamil Sobolewski',24,NULL,'Sobol',785,1.08,1.05,NULL),(16080,'Paweł Dycha',24,4869,'dycha',813,1.09,1.06,'https://img-cdn.hltv.org/playerbodyshot/GOUASLTCPiHrikmuR0j7FO.png?ixlib=java-2.1.0&w=400&s=33bb6873050edab33c2e9feccbc84c3d'),(16207,'Zhenghao Lv',22,4863,'DANK1NG',391,1.24,1.16,'https://img-cdn.hltv.org/playerbodyshot/66Uk1PZdab4fVFuZu5QX5t.png?ixlib=java-2.1.0&w=400&s=46da41efa2bbf52e10af9f322d204f2c'),(16314,'Fillipe Martins',24,NULL,'pancc',581,1.08,1.06,NULL),(16323,'Matthew Hartrick',21,10672,'Valiance',657,1.1,1.06,'https://img-cdn.hltv.org/playerbodyshot/Xpekuzh86LPX9hgqXjE78R.png?ixlib=java-2.1.0&w=400&s=b9afc40d154a37149dec9cfd3d9930d3'),(16410,'Viktor Mitev',21,11800,'Duplicate',811,0.93,0.93,'https://img-cdn.hltv.org/playerbodyshot/hyA8au2prsintWhNOd50z8.png?ixlib=java-2.1.0&w=400&s=778245ed7d8e779fbfb163a5073641a6'),(16412,'Kostadin Turbinov',22,11810,'rafftu',497,0.95,0.94,'https://img-cdn.hltv.org/playerbodyshot/1-mZJN0HbaemtmExEBlulU.png?ixlib=java-2.1.0&w=400&s=653d234318de1d0146e8d52ecfe0cae3'),(16415,'Anton Tšernobai',20,11562,'supra',533,1.01,1,'https://img-cdn.hltv.org/playerbodyshot/ztHfPKxkD4Bw5DTYn_fgvR.png?ixlib=java-2.1.0&w=400&s=ef8196bc7b094249eb6287ad9f9e1e27'),(16462,'Sander Iversen',24,NULL,'Grus',554,0.93,0.95,NULL),(16486,'Erik Gustafsson',18,10960,'ztr',410,0.92,0.93,'https://img-cdn.hltv.org/playerbodyshot/JktO7wDE4VCbzgXbDpur9g.png?ixlib=java-2.1.0&w=400&s=ad5ed2dc565da5f5f7e72d88de7a4a04'),(16487,'Sean Knutsson',20,10960,'eraa',579,1.06,1.04,'https://img-cdn.hltv.org/playerbodyshot/9RWLpblkk9nZov13yQUi5U.png?ixlib=java-2.1.0&w=400&s=69a418cc5a600bbdfb5c0557a51a1d72'),(16495,'Kornél Szedlár',24,10333,'kory',489,0.99,0.99,'https://img-cdn.hltv.org/playerbodyshot/qBrZkvSJ24whF1VBb6-Mog.png?ixlib=java-2.1.0&w=400&s=ea4eedadfed2c07c28d6acbcb019b56e'),(16529,'Luke Merchant',22,8434,'Llamas',459,1,0.98,'https://img-cdn.hltv.org/playerbodyshot/5snpQ9QX_YCD8qMruo2zRZ.png?ixlib=java-2.1.0&w=400&s=30a4fc22895f4e1c319f0a8baa5616fa'),(16546,'David Polster',22,11571,'cynic',681,1.14,1.09,'https://img-cdn.hltv.org/playerbodyshot/G3ZdxhHjYO9oUoO-SbsgLJ.png?ixlib=java-2.1.0&w=400&s=585206f953cae4081eddf68465f6fbdc'),(16555,'Sergey Rykhtorov',20,5752,'Ax1Le',957,1.16,1.1,'https://img-cdn.hltv.org/playerbodyshot/bm95B2mKVEWVyn0Ndk42pP.png?ixlib=java-2.1.0&w=400&s=a89edca0ff90d76a270097c032aaba4d'),(16563,'Alexandr Zlobin',25,11385,'Psycho',509,0.89,0.89,'https://img-cdn.hltv.org/playerbodyshot/KmRlSEAzC5acaobCkStwNE.png?ixlib=java-2.1.0&w=400&s=3547c43b91685c609eae22fd82025a38'),(16599,'Michael Schmid',23,9943,'Swisher',619,1.03,1.02,'https://img-cdn.hltv.org/playerbodyshot/59D8bPlHbdu8nTcvfBPX8c.png?ixlib=java-2.1.0&w=400&s=bdcebedc794a78fcb379196ea41c58d3'),(16612,'David Danielyan',21,11595,'n0rb3r7',1076,1.04,1.04,'https://img-cdn.hltv.org/playerbodyshot/9WAH6aZGfIO7pHzUE3VGKa.png?ixlib=java-2.1.0&w=400&s=f9b8660bf10eabb1069e0ed9981ec29a'),(16647,'Brendan Williams',21,11571,'Bwills',802,1.07,1.04,'https://img-cdn.hltv.org/playerbodyshot/bvjo-Al_GkhVQ9bbUvPyNa.png?ixlib=java-2.1.0&w=400&s=3ac825cb6b261e98c4f4bbd3105b4470'),(16693,'Shahar Shushan',19,10503,'flameZ',387,1.07,1.06,'https://img-cdn.hltv.org/playerbodyshot/XJyVy9R9BHDSnNhWmsIm0q.png?ixlib=java-2.1.0&w=400&s=14c218ba3b779f12a2492938d1fc4db2'),(16723,'Casper Jensen',24,10867,'Cabbi',477,0.99,1,'https://img-cdn.hltv.org/playerbodyshot/rnMMYgzmkrFeTD2tZEUAXD.png?ixlib=java-2.1.0&w=400&s=fab9ad661017bfc7734a44474d86db1b'),(16726,'Love Smidebrant',19,NULL,'phzy',461,1.09,1.04,NULL),(16731,'Oliver Berg',21,4602,'IceBerg',379,0.85,0.89,'https://img-cdn.hltv.org/playerbodyshot/49Y9D2m8dwB8foVAQmu5SY.png?ixlib=java-2.1.0&w=400&s=8baaeb32899b9d8619a49a7aa05802b1'),(16769,'Antonio Oliveira',27,11567,'realz1n',578,1.01,0.99,'https://img-cdn.hltv.org/playerbodyshot/jfbw4-SEfXuTRhJCFy4t8N.png?ixlib=java-2.1.0&w=400&s=cca1de5b845ea58d11392ea2d0e5e841'),(16816,'Vinicius Moreira',23,11309,'vsm',533,1.16,1.12,'https://img-cdn.hltv.org/playerbodyshot/ZQ7XFTNFq-hPoRU-Q-P3JP.png?ixlib=java-2.1.0&w=400&s=412c3f2c2b727d2c32395df4065ef723'),(16817,'Wesley Lopes',21,4773,'hardzao',702,1.13,1.06,'https://img-cdn.hltv.org/playerbodyshot/It9KqBEp-9FjkGm5OlFnZA.png?ixlib=java-2.1.0&w=400&s=cfe0b8467ec1503f04036d60614e732b'),(16820,'Kamil Szkaradek',19,11176,'siuhy',517,1.01,1.01,'https://img-cdn.hltv.org/playerbodyshot/DkXdWf3_Npp3Bmy-rP3F7c.png?ixlib=java-2.1.0&w=400&s=43926b2206c4a3c60741dde6c0d60a9b'),(16847,'Miłosz Knasiak',20,11176,'mhL',497,1.21,1.13,'https://img-cdn.hltv.org/playerbodyshot/yEMKq108EMk3C8o6q6SWyO.png?ixlib=java-2.1.0&w=400&s=8e6429aa9a208ac4295d62a974e6e976'),(16848,'Olek Miskiewicz',22,4869,'hades',602,1.17,1.09,'https://img-cdn.hltv.org/playerbodyshot/wYGYxr_He_CK0pOOTYz-tK.png?ixlib=java-2.1.0&w=400&s=e096309938ed03986ecd80c97c3350b7'),(16859,'Kristjan Jakobson',24,10276,'shokz',657,1.04,1.01,'https://img-cdn.hltv.org/playerbodyshot/78roWAuLxvoBURl1Caebba.png?ixlib=java-2.1.0&w=400&s=2b699a372b8f48c5969223223e5c6952'),(16870,'Dmitriy Martinov',23,NULL,'ProbLeM',575,0.97,0.96,NULL),(16872,'Peiqi Song',21,7966,'flying',408,1.07,1.06,'https://img-cdn.hltv.org/playerbodyshot/FG-yRc7Moel5XH8fjtnBUW.png?ixlib=java-2.1.0&w=400&s=b0f3aa9c854b6209b6e9e071122aba6b'),(16920,'Dmitry Sokolov',21,5752,'sh1ro',884,1.45,1.23,'https://img-cdn.hltv.org/playerbodyshot/Eyk16cFDkZ-a5F3b0Ex0Rj.png?ixlib=java-2.1.0&w=400&s=08540cdec6f55b1c9b99741fb91d65f1'),(16921,'Vladislav Gorshkov',21,5752,'nafany',885,0.96,0.96,'https://img-cdn.hltv.org/playerbodyshot/FJVKuDaSDn54BKr7ldsV-o.png?ixlib=java-2.1.0&w=400&s=0129cd882525a809abc7dcf53aeb042b'),(16946,'Vadim Tsyrov',28,11371,'Polt',519,1.05,1.01,'https://img-cdn.hltv.org/playerbodyshot/xkpW7dfRohO9UlsyfK5Pnu.png?ixlib=java-2.1.0&w=400&s=1ef6f7bd0e6730eb618a1d874750457f'),(16947,'Ilya Zalutskiy',22,4608,'Perfecto',722,1.04,0.98,'https://img-cdn.hltv.org/playerbodyshot/zjSw1d8641HdnSRTIqHYpy.png?ixlib=java-2.1.0&w=400&s=4afd9c9dfe00304b65ff0279e6baf88a'),(16948,'Aleksandr Timkiv',24,10621,'TRAVIS',508,1.05,1.03,'https://img-cdn.hltv.org/playerbodyshot/N-RrGy_-bR1FEo-iAilHUG.png?ixlib=java-2.1.0&w=400&s=c51f4528087e4ba08332c99804a5f6cb'),(17011,'Alexandr Marenov',20,8135,'shalfey',396,1.12,1.05,'https://img-cdn.hltv.org/playerbodyshot/mokqg_97kQ3Lf2LxfY5NjG.png?ixlib=java-2.1.0&w=400&s=b0a6fe766b10cb1e13fc1a3b510c4b40'),(17113,'Hubert Światły',20,11176,'szejn',544,1.03,1.02,'https://img-cdn.hltv.org/playerbodyshot/oXNrrMUurDHk8uUOxpRRbV.png?ixlib=java-2.1.0&w=400&s=2813dc236c31276e1f9472b310d253b7'),(17145,'Aleks Petrov',21,10386,'Rainwaker',1127,1.1,1.05,'https://img-cdn.hltv.org/playerbodyshot/OEcwAZujz2PonDmT4FgaZe.png?ixlib=java-2.1.0&w=400&s=c7281052537f22ec196f5db734ecc29e'),(17147,'Flatron Halimi',25,11518,'juanflatroo',575,1.04,1.05,'https://img-cdn.hltv.org/playerbodyshot/HJHei8dYI1AavP_sq0uvIh.png?ixlib=java-2.1.0&w=400&s=a6919f52dc8943366f159efb389f03a2'),(17305,'Vladislav Usov',23,NULL,'FinigaN',503,1.01,0.98,NULL),(17306,'Abdul Gasanov',21,10503,'degster',686,1.31,1.19,'https://img-cdn.hltv.org/playerbodyshot/bH3qqskLH4cnxmLeg6TgM2.png?ixlib=java-2.1.0&w=400&s=4b76b083099c566cf3d8098e958da619'),(17353,'Danny Strzelczyk',22,11599,'cxzi',455,1.01,1.03,'https://img-cdn.hltv.org/playerbodyshot/yQlFJfFVEKPPvz8RC4zPV9.png?ixlib=java-2.1.0&w=400&s=2101f849457fa8c3cee69802c46907df'),(17372,'Justin Coakley',20,5005,'FaNg',651,1.04,1.02,'https://img-cdn.hltv.org/playerbodyshot/EhOBY5bwg6MYPSQ7rwzprv.png?ixlib=java-2.1.0&w=400&s=fbc9155259e92673aa03f83afbb7e774'),(17385,'Daniel Giusa',19,NULL,'DannyG',377,1.04,1.03,NULL),(17402,'Harry Hayes',22,NULL,'bedonka',379,1.02,1.01,NULL),(17504,'Kamil Pietkun',21,11743,'KEi',649,1.05,1.05,'https://img-cdn.hltv.org/playerbodyshot/5hWWE82we6b-rfG12bikBJ.png?ixlib=java-2.1.0&w=400&s=bea1d0af852a575f7beb6d427863bac7'),(17508,'Aleksandr Matsievich',28,10621,'glowiing',503,1.02,1.02,'https://img-cdn.hltv.org/playerbodyshot/cNHPF_NOq4HNH2iApq77R9.png?ixlib=java-2.1.0&w=400&s=c58e8f6ff1b649f568621ca01cc0ef86'),(17510,'David Jolin',22,11298,'J0LZ',394,1.02,1.01,'https://img-cdn.hltv.org/playerbodyshot/T8Ow6_xTKK4_3NHnMdKSdG.png?ixlib=java-2.1.0&w=400&s=a936b0c4ed3292c1bccf79629ab8734e'),(17553,'Matheus Panisset',22,6947,'pesadelo',616,0.98,0.99,'https://img-cdn.hltv.org/playerbodyshot/P3EvnpU5kGWTzGQ_39YbIm.png?ixlib=java-2.1.0&w=400&s=c6e3658adebc7b4bce349be98c7b73b8'),(17585,'Bruno Câmara',20,6947,'b4rtiN',546,1.1,1.06,'https://img-cdn.hltv.org/playerbodyshot/wkwrvqxYYftJin3jQUa2m4.png?ixlib=java-2.1.0&w=400&s=4d4233360c592d59df3505cd5033f5a6'),(17792,'Aman Seitkaliyev',21,8120,'ice',436,0.97,0.97,'https://img-cdn.hltv.org/playerbodyshot/63J3j0h27KBRW-M2us0t4o.png?ixlib=java-2.1.0&w=400&s=41dd7d39d6fc447b1a35351a31082ccc'),(17793,'Algat Abdul',25,9287,'smiley',478,1.08,1.02,'https://img-cdn.hltv.org/playerbodyshot/-ViHlE27no48NX0qtn4OyR.png?ixlib=java-2.1.0&w=400&s=72930bdb23c27f493c8bb4e7b34d6772'),(17861,'Jhonatan Willian',24,9215,'JOTA',430,1.14,1.08,'https://img-cdn.hltv.org/playerbodyshot/wxqCq_62lfKmPIy01pcq3M.png?ixlib=java-2.1.0&w=400&s=1db04ae5fb7fd43ea723e6e2a456d5c5'),(17918,'Carson O\'Reilly',22,11571,'nosraC',503,0.96,0.96,'/img/static/player/player_silhouette.png'),(17929,'Colby Walsh',20,11735,'Walco',504,0.95,0.96,'https://img-cdn.hltv.org/playerbodyshot/CPiXCxb_3Vf65DFj2FgNYt.png?ixlib=java-2.1.0&w=400&s=6959939d938f9591a51ca0693811055c'),(17930,'Jerric Jiang',21,11735,'wiz',501,1.01,0.98,'https://img-cdn.hltv.org/playerbodyshot/_MzP4xR47219A7usMpmzzk.png?ixlib=java-2.1.0&w=400&s=01c8715519cb3d2348b2bebd5c81e044'),(17936,'Adam Bergqvist',20,11245,'bq',398,0.97,0.98,'https://img-cdn.hltv.org/playerbodyshot/EHRhQsZfSupzL_tlfyk0-7.png?ixlib=java-2.1.0&w=400&s=1a70813494ae0ea98be36058005198f8'),(17937,'Isak Fahlén',20,9928,'isak',587,1,0.98,'https://img-cdn.hltv.org/playerbodyshot/s3yJrkA5-i-Q7q4umq1SfR.png?ixlib=java-2.1.0&w=400&s=c1b12d57feb122bd93f584e8bac94a8c'),(17956,'Jakob Nygaard',19,7175,'jabbi',775,1,0.99,'https://img-cdn.hltv.org/playerbodyshot/PE0UP_iMAYKXrTX1BUN4vv.png?ixlib=java-2.1.0&w=400&s=e9b8f27ee5f3ecc3166f527104f34615'),(18053,'Helvijs Saukants',21,6667,'broky',714,1.15,1.07,'https://img-cdn.hltv.org/playerbodyshot/sX2dZGcdbeOwlnZPTpKs5K.png?ixlib=java-2.1.0&w=400&s=62b7243ec1e25c6ac5cba3de0b72a658'),(18072,'Ádám Torzsás',20,4494,'torzsi',478,1.25,1.16,'https://img-cdn.hltv.org/playerbodyshot/vXrIz7MNvxuNCR04WH139p.png?ixlib=java-2.1.0&w=400&s=51b5842a0405bef5d743850148ffd43c'),(18120,'Dionis Budeci',27,11518,'sinnopsyy',650,0.96,0.97,'https://img-cdn.hltv.org/playerbodyshot/txkQcJRBmvEAK7QlMf1XEO.png?ixlib=java-2.1.0&w=400&s=dc7ffac0340853bc8f88c95eed6de772'),(18140,'Arthur Schmitt',23,10894,'f4stzin',377,0.96,0.97,'https://img-cdn.hltv.org/playerbodyshot/vDwzdenrUUIPX4wA5tnFC6.png?ixlib=java-2.1.0&w=400&s=84c1983718b9777937b7794ba29262ba'),(18141,'Rodrigo Bittencourt',25,4773,'biguzera',622,1.15,1.09,'https://img-cdn.hltv.org/playerbodyshot/t9zs4p8ogm4_XnJspBgsbr.png?ixlib=java-2.1.0&w=400&s=1b60b6e195aff20eb41d3e1892b69489'),(18219,'Adam Ahmad',24,11164,'Adam9130',471,0.87,0.89,'https://img-cdn.hltv.org/playerbodyshot/uw2l-_gHqRlpbgXJF5cmDH.png?ixlib=java-2.1.0&w=400&s=97d2931d13995241aca73d25bc278517'),(18221,'Lotan Giladi',21,4869,'Spinx',442,1.14,1.09,'https://img-cdn.hltv.org/playerbodyshot/6QKEcHHwJ7KkjIUo_RKv8e.png?ixlib=java-2.1.0&w=400&s=06b4977ac65c5c01425723d43b2db06e'),(18227,'Dmitriy Shvorak',23,11716,'SENSEi',471,1.34,1.17,'https://img-cdn.hltv.org/playerbodyshot/YPL6OPSR5R_XacuAmRWSSD.png?ixlib=java-2.1.0&w=400&s=9274bbaff520edf912c77fefc313116f'),(18317,'Boris Vorobiev',19,7020,'magixx',638,1.03,0.99,'https://img-cdn.hltv.org/playerbodyshot/jLM2tMLLSYu3EQG1KSJSK6.png?ixlib=java-2.1.0&w=400&s=e10353b69f1220a0acf6b646d630ad68'),(18462,'William Merriman',23,4991,'mezii',519,1.14,1.08,'https://img-cdn.hltv.org/playerbodyshot/T_qjLLLkqrhdfnNNN_loMl.png?ixlib=java-2.1.0&w=400&s=69ae0732c9116cd3f4776c3db9650fea'),(18697,'Blagoi Dimitrov',19,11672,'oxygeN',531,0.95,0.95,'https://img-cdn.hltv.org/playerbodyshot/Wkzz0yzasyFPQesaT_VkpU.png?ixlib=java-2.1.0&w=400&s=7d61dc215a8071c9f7a81dd7881f65b8'),(18717,'Lucas Neves',20,8113,'Lucaozy',399,1.07,1.03,'https://img-cdn.hltv.org/playerbodyshot/RFmVhpoeCg2BmDfjpMHB9j.png?ixlib=java-2.1.0&w=400&s=7a58f92ed653de92152e1d7bc17370f9'),(18736,'Jordan White',22,10672,'pz',441,1.13,1.08,'https://img-cdn.hltv.org/playerbodyshot/iWuzMESYvwjSY1_EjQvE02.png?ixlib=java-2.1.0&w=400&s=97900f28e71c466b0b304f37e3542151'),(18743,'Gabriel Lino',24,4773,'nython',524,1.16,1.1,'https://img-cdn.hltv.org/playerbodyshot/HXRN7yuv7TVMIBHkrJ5t7m.png?ixlib=java-2.1.0&w=400&s=132e949e02111f3c1e3b417a954e9b4f'),(18835,'Rafael Costa',27,8297,'saffee',404,1.3,1.2,'https://img-cdn.hltv.org/playerbodyshot/oHD99ACgaCH8jpvcyTdKvx.png?ixlib=java-2.1.0&w=400&s=b67b6a8b99354e03051fbf701f88e606'),(18838,'Jadan Postma',20,11735,'HexT',503,1.03,1.02,'https://img-cdn.hltv.org/playerbodyshot/Lizv6oqDe-jimGf26qjHKL.png?ixlib=java-2.1.0&w=400&s=e6b6d9b95db8aa010ea30133cbfde6b8'),(18987,'Valeriy Vakhovskiy',19,4608,'b1t',459,1.11,1.06,'https://img-cdn.hltv.org/playerbodyshot/g-2t7HQ_d55I6VhRnP2URl.png?ixlib=java-2.1.0&w=400&s=90738194ed2b3fa7ded1c26ce0fcc20b'),(19015,'Aurimas Pipiras',18,4494,'Bymas',385,1.01,0.97,'https://img-cdn.hltv.org/playerbodyshot/dwSFwc6dwQwOhbHVm5zp7q.png?ixlib=java-2.1.0&w=400&s=4d0f94b501d83314e89ef3eddc130bb3'),(19021,'Hugo Günther',17,9806,'chawzyyy',405,1.06,1.03,'https://img-cdn.hltv.org/playerbodyshot/j7WKJVzESpZ3yzm5ly22Rw.png?ixlib=java-2.1.0&w=400&s=543e0548ebeb590bdf0594f349f993be'),(19038,'Mathias Carlsen',21,4602,'PR1mE',424,0.95,0.95,'https://img-cdn.hltv.org/playerbodyshot/0G5LQtTWTyS6pYTSzWYg5-.png?ixlib=java-2.1.0&w=400&s=e5654279061569c8519448ba5f565fa6'),(19044,'Maciej Miklas',19,10503,'F1KU',608,1.03,1.03,'https://img-cdn.hltv.org/playerbodyshot/TM_F1EXUZRFmmi1gmW8JxD.png?ixlib=java-2.1.0&w=400&s=62d00722e22ba4c41916199621f0e08b'),(19045,'Bruno Rebelatto',19,11309,'latto',377,1.09,1.05,'https://img-cdn.hltv.org/playerbodyshot/PJiFBNYcFacQymJ2-YUuOg.png?ixlib=java-2.1.0&w=400&s=6bea229895a3ae02ea62302a3f5e73ae'),(19114,'Kacper Walukiewicz',22,11743,'Kylar',593,1.03,1.01,'https://img-cdn.hltv.org/playerbodyshot/a2hrnxMYU3YeLsVWo5D1ld.png?ixlib=java-2.1.0&w=400&s=fdc41d96fd1956ed246ffe9760892609'),(19190,'Benson Niuila',23,NULL,'Liki',395,1.03,0.99,NULL),(19232,'Nikita Panyushkin',23,NULL,'JIaYm',523,0.97,0.99,NULL),(19236,'Aleksandr Gurkin',20,8135,'KENSI',546,1.07,1.02,'https://img-cdn.hltv.org/playerbodyshot/8enwkJGj6-clwoJU5mjbgq.png?ixlib=java-2.1.0&w=400&s=7b8f92afc2742004cd7401b03455b232'),(19673,'Robert Isyanov',18,7020,'Patsi',516,1.03,1.03,'https://img-cdn.hltv.org/playerbodyshot/VbtsFr4jiKoe6aHLVLgaW4.png?ixlib=java-2.1.0&w=400&s=9ec573528f17e5b5a518c42bdb446ffb'),(19705,'Connor Sullivan',20,11735,'chop',454,0.99,0.98,'https://img-cdn.hltv.org/playerbodyshot/35cUDcDJTNibF5utUxE9KI.png?ixlib=java-2.1.0&w=400&s=d495e24bacf536c8a7244221eaf855fd'),(19733,'Sergiy Demchenko',21,11241,'DemQQ',400,1,0.99,'https://img-cdn.hltv.org/playerbodyshot/g2kbXtyqRELRt74FT-iQid.png?ixlib=java-2.1.0&w=400&s=23ad84141f011596544667ea5241a1da'),(19738,'Thomas Pavoni',25,11501,'Djoko',503,1,1,'https://img-cdn.hltv.org/playerbodyshot/bt56FwT2cj2QJ6vJ9RUoz5.png?ixlib=java-2.1.0&w=400&s=99e2200f86faf10a4a69602b126a3003'),(19823,'Suleımen Orazaly',26,9287,'dukefissura',381,0.98,0.99,'https://img-cdn.hltv.org/playerbodyshot/DODxW6OybG94WQi_RBVTJc.png?ixlib=java-2.1.0&w=400&s=dfb086ac3f86b85fd3d6bd9289637457'),(19882,'Evgeny Ermolin',21,8135,'Norwi',411,1,0.98,'https://img-cdn.hltv.org/playerbodyshot/IqV0XzyYPdVcPxHUaXF9at.png?ixlib=java-2.1.0&w=400&s=50641388e5e167c8a03fabd6b2be0ac2'),(19926,'Aurélien Drapier',23,11501,'afro',591,1.1,1.05,'https://img-cdn.hltv.org/playerbodyshot/j-WIP70o5VcrQSj56E9Xql.png?ixlib=java-2.1.0&w=400&s=177200a9a71dccdb51dc05953c8c6d83'),(19967,'Zhandarbek Mamyrbek',26,8120,'sorrow',388,0.91,0.92,'https://img-cdn.hltv.org/playerbodyshot/hssD_c389h84h807lXQil-.png?ixlib=java-2.1.0&w=400&s=a7e72950b51a526ce33f975b2f9e2d11'),(20090,'Rasmus Nordfoss',18,7461,'Zyphon',415,1.04,1.01,'https://img-cdn.hltv.org/playerbodyshot/eGHCVQ1kvMQrEWwDPfbb88.png?ixlib=java-2.1.0&w=400&s=89128240c21b29a83cae05bcf7c554a4'),(20097,'Deyvid Benchev',22,10873,'h4rn',566,1.2,1.1,'https://img-cdn.hltv.org/playerbodyshot/OL5e4bb1XOdlIRTJSjfB9i.png?ixlib=java-2.1.0&w=400&s=c4cc3b57633ba35ffd94047bb8057ae7'),(20101,'Petr Bolyshev',19,11595,'fame',518,1.1,1.06,'https://img-cdn.hltv.org/playerbodyshot/G0xuOppQTpBWkIbOKdqcQT.png?ixlib=java-2.1.0&w=400&s=d84c7c61dde0446e764f1afed7a1ccc6'),(20113,'Denis Zhukov',21,10621,'deko',404,1.37,1.21,'https://img-cdn.hltv.org/playerbodyshot/0Wk9DiHhr9sJedFGO62w8B.png?ixlib=java-2.1.0&w=400&s=746f4d2c896de1f80b9834361488b9af');
/*!40000 ALTER TABLE `player` ENABLE KEYS */;
UNLOCK TABLES;

--
-- Table structure for table `team`
--

DROP TABLE IF EXISTS `team`;
/*!40101 SET @saved_cs_client     = @@character_set_client */;
/*!50503 SET character_set_client = utf8mb4 */;
CREATE TABLE `team` (
  `id` int NOT NULL,
  `name` varchar(50) DEFAULT NULL,
  `ranking` int DEFAULT NULL,
  `logo` varchar(500) DEFAULT NULL,
  PRIMARY KEY (`id`)
) ENGINE=InnoDB DEFAULT CHARSET=utf8mb4 COLLATE=utf8mb4_0900_ai_ci;
/*!40101 SET character_set_client = @saved_cs_client */;

--
-- Dumping data for table `team`
--

LOCK TABLES `team` WRITE;
/*!40000 ALTER TABLE `team` DISABLE KEYS */;
INSERT INTO `team` VALUES (4411,'NIP',9,'https://img-cdn.hltv.org/teamlogo/-ttGATBV_P_HcZazxNNtIb.png?ixlib=java-2.1.0&w=50&s=ba94f7812d1f47183a83f3f34ab959eb'),(4413,'Lemondogs',200,'https://img-cdn.hltv.org/teamlogo/V3KRX5EGW83060EW6mlB0M.png?ixlib=java-2.1.0&w=50&s=c7ecc6c6d73ced9595e264cfe08a8a9f'),(4494,'MOUZ',10,'https://img-cdn.hltv.org/teamlogo/RfR1zmFJ0eP08VmFb6UOu3.png?ixlib=java-2.1.0&w=50&s=051cbffad4d1c25468d83abee6f4fe23'),(4602,'Tricked',70,'https://img-cdn.hltv.org/teamlogo/WOz_0au0ekFmz6bf1NH8yP.png?ixlib=java-2.1.0&w=50&s=390a4a83ba39be4358071eb1cf4dd49c'),(4608,'Natus Vincere',2,'https://img-cdn.hltv.org/teamlogo/9iMirAi7ArBLNU8p3kqUTZ.svg?ixlib=java-2.1.0&s=4dd8635be16122656093ae9884675d0c'),(4674,'LDLC',196,'https://img-cdn.hltv.org/teamlogo/ZhFPxp61_5B0Qv9ljo03vX.png?ixlib=java-2.1.0&w=50&s=abe18b26aada534c1640a48f0dd044f7'),(4773,'paiN',31,'https://img-cdn.hltv.org/teamlogo/iUUCFwCOFmOrwhB8q8smMg.svg?ixlib=java-2.1.0&s=1446e1cf3d02deb8190fe6efd14e4ce4'),(4803,'iNation',85,'https://img-cdn.hltv.org/teamlogo/SI34lLN0NYg74Vx4wGY5Pr.png?ixlib=java-2.1.0&w=50&s=f61b22dd034531626215fa942fae8595'),(4863,'TYLOO',39,'https://img-cdn.hltv.org/teamlogo/hMPKtNMDxp07n3lrBEHCuq.svg?ixlib=java-2.1.0&s=6d22fc4af07d0cd9d31fcd7f3023af9a'),(4869,'ENCE',4,'https://img-cdn.hltv.org/teamlogo/-X8NoyWC_1gYqUHvZqcpkc.svg?ixlib=java-2.1.0&s=85bb9daa6f846fa097c5942f2565fdb8'),(4981,'Panthers',NULL,'https://img-cdn.hltv.org/teamlogo/Rl0-P9uRT8c0u36rUz-LoC.png?ixlib=java-2.1.0&w=50&s=226ab5e0afdaf55253c95b2b30d7d761'),(4991,'fnatic',33,'https://img-cdn.hltv.org/teamlogo/dLtWEdSV58lIX1amAFggy0.svg?ixlib=java-2.1.0&s=f24d0a7b3ef24ed57184a51d35202b4e'),(5005,'Complexity',45,'https://img-cdn.hltv.org/teamlogo/R0CzydpyX02BnkAYhy3I89.svg?ixlib=java-2.1.0&s=8c5833d6069ef924fdbb2e220fefea00'),(5310,'HellRaisers',NULL,'https://img-cdn.hltv.org/teamlogo/pISBtHPYUFG-04nIc8ReCS.png?ixlib=java-2.1.0&w=50&s=ec14f7cd7c1546af9653914c5ff9b419'),(5378,'Virtus.pro',NULL,'https://img-cdn.hltv.org/teamlogo/yZ6Bpuui1rW3jocXQ68XgZ.svg?ixlib=java-2.1.0&s=f39be1d3e7baf30a4e7f0b1216720875'),(5479,'Mythic',83,'https://img-cdn.hltv.org/teamlogo/giKWRtCUgQzLqqfLUgwPvv.png?ixlib=java-2.1.0&w=50&s=1f562a9c5d9bbb7aafcedeaf233a3837'),(5752,'Cloud9',3,'https://img-cdn.hltv.org/teamlogo/bEgST6XoNV4ZdenRKzCQyl.svg?ixlib=java-2.1.0&s=bd9b10a8dfe7b3640103745687389e3c'),(5973,'Liquid',14,'https://img-cdn.hltv.org/teamlogo/JMeLLbWKCIEJrmfPaqOz4O.svg?ixlib=java-2.1.0&s=c02caf90234d3a3ebac074c84ba1ea62'),(5995,'G2',8,'https://img-cdn.hltv.org/teamlogo/zFLwAELOD15BjJSDMMNBWQ.png?ixlib=java-2.1.0&w=50&s=affb583e6716d8ee904826992255cc4b'),(6242,'CLG Red',179,'https://img-cdn.hltv.org/teamlogo/hzZ0POHOieW-aX-BGagfC7.svg?ixlib=java-2.1.0&s=17af7f410a717e62071add8aadbdabac'),(6248,'TheMongolz',164,'https://img-cdn.hltv.org/teamlogo/DCvxiWceoslHD7bszTMkct.svg?ixlib=java-2.1.0&s=534332115761fdad841190772cd87d8b'),(6665,'Astralis',5,'https://img-cdn.hltv.org/teamlogo/9bgXHp-oh1oaXr7F0mTGmd.svg?ixlib=java-2.1.0&s=f567161ab183001be33948b98c4b2067'),(6667,'FaZe',1,'https://img-cdn.hltv.org/teamlogo/SMhzsxzbkIrgqCOOKGRXlW.svg?ixlib=java-2.1.0&s=e6a9ce0345c7d703e5eaac14307f69aa'),(6947,'TeamOne',88,'https://img-cdn.hltv.org/teamlogo/y0RkG9StCVfKKYd1Mww6EG.png?ixlib=java-2.1.0&w=50&s=c6437aec2f8aebbb4e9c11b075253fa1'),(7020,'Spirit',15,'https://img-cdn.hltv.org/teamlogo/syrtYYKR7sBRw3ZHy1YFX7.png?ixlib=java-2.1.0&w=50&s=40e66714687bec05ea422255b1c0099e'),(7175,'Heroic',13,'https://img-cdn.hltv.org/teamlogo/Q6BGM_VQRz8Y9m3UgaqiUx.svg?ixlib=java-2.1.0&s=9424e99a6d77c8f154ea2d74175b3e17'),(7187,'Nexus',167,'https://img-cdn.hltv.org/teamlogo/TsvwZ9z4tVRO9Ry1jYxs_n.png?ixlib=java-2.1.0&w=50&s=ca777e2c0f8a3e0b26d0c90d98d72fbe'),(7234,'Endpoint',35,'https://img-cdn.hltv.org/teamlogo/LrJW0lI8ifto6tzTjNkxpw.png?ixlib=java-2.1.0&w=50&s=57e8d46eb4d443936734da803412311f'),(7244,'K23',41,'https://img-cdn.hltv.org/teamlogo/e-KLQKZ-WCaZQPpqkwYEAg.png?ixlib=java-2.1.0&w=50&s=29d60f8fd6ac78bffdc63525710594a5'),(7264,'spray\'n\'pray',NULL,'https://img-cdn.hltv.org/teamlogo/b3VQjZJs4h4ePLXGKCUJFO.svg?ixlib=java-2.1.0&s=6721c43381b7411cc7944a39df7fdfc9'),(7340,'Wolsung',125,'https://img-cdn.hltv.org/teamlogo/5ofESwp8YW4HDnV7H7pQjx.png?ixlib=java-2.1.0&w=50&s=c0cbdc6eed937ff1058f3ed5f3434c7a'),(7379,'FTW',46,'https://img-cdn.hltv.org/teamlogo/Ort7RO8KZTclHRDYvt95GZ.svg?ixlib=java-2.1.0&s=bb8d27f8ee1a4f395eeb7933586ee7b2'),(7461,'Copenhagen Flames',NULL,'https://img-cdn.hltv.org/teamlogo/o9gWbZqKaYgDJL5ttGKuqQ.png?ixlib=java-2.1.0&w=50&s=6a3e50d369c8777a5ce5059c1d7676b3'),(7532,'BIG',12,'https://img-cdn.hltv.org/teamlogo/OgMRQA35hopXA8kDwMFHIY.svg?ixlib=java-2.1.0&s=ec7bc44165c7acf4224a22a1338ab7d7'),(7653,'Isurus',109,'https://img-cdn.hltv.org/teamlogo/nYUMgTvgCpLHzUOTN5HBYt.svg?ixlib=java-2.1.0&s=41caea215e81e979d8e70a06f99e2ba2'),(7674,'Ambush',207,'https://img-cdn.hltv.org/teamlogo/DELIvdnf-rNtM7ExhH37GC.svg?ixlib=java-2.1.0&s=faf5331fcaf8881fc02af334beb43012'),(7718,'Movistar Riders',7,'https://img-cdn.hltv.org/teamlogo/Y37ZjhQhf-74eg44YCXe_m.png?ixlib=java-2.1.0&w=50&s=469ce0dff6be1d7a686ccdb42492077a'),(7865,'HAVU',NULL,'https://img-cdn.hltv.org/teamlogo/bGYa-QzoimP8JH5hcdXcu3.svg?ixlib=java-2.1.0&s=70ceee130e1571052313c6f74c078aa3'),(7900,'Spirit Academy',119,'https://img-cdn.hltv.org/teamlogo/txUq00aBKY7O4fLVJegmi_.png?ixlib=java-2.1.0&w=50&s=0be2e166db241569e89ac4ab8f5fb9a2'),(7966,'Invictus',227,'https://img-cdn.hltv.org/teamlogo/-0pn_JZtsul2H0LX9WohHw.png?ixlib=java-2.1.0&w=50&s=ef6788a53c3ff758386fdaabf434fd97'),(7969,'Nemiga',101,'https://img-cdn.hltv.org/teamlogo/6ZPCm5r3XyGByXkFGiRnLh.png?ixlib=java-2.1.0&w=50&s=daa0328ebd0143763544b564610721e9'),(8065,'ex-Singularity',NULL,'/img/static/team/placeholder.svg'),(8068,'AGO',NULL,'https://img-cdn.hltv.org/teamlogo/n_-gu-jK4WCw8MGqD5-vz0.png?ixlib=java-2.1.0&w=50&s=4be339cde8c1c7c340509f83b54cef66'),(8113,'Sharks',99,'https://img-cdn.hltv.org/teamlogo/Lz3hxbOkMmSc2mXbblw-O7.png?ixlib=java-2.1.0&w=50&s=2e14a4de2558cca7d212e13f5686edee'),(8120,'AVANGAR',233,'https://img-cdn.hltv.org/teamlogo/8e89ldxOWak25k-LB7oYH3.svg?ixlib=java-2.1.0&s=790dbc237699c461a1b6b3c837aa7e1d'),(8135,'forZe',20,'https://img-cdn.hltv.org/teamlogo/Qnpb1nBNLJUCyf4fRMFbzr.svg?ixlib=java-2.1.0&s=a798b973c429361844ee174e07ae2401'),(8248,'PACT',141,'https://img-cdn.hltv.org/teamlogo/2w5y8oRVZKc486ZJ__Nodb.svg?ixlib=java-2.1.0&s=d690f3f2f36f0c300bc0995821028b50'),(8297,'FURIA',11,'https://img-cdn.hltv.org/teamlogo/mvNQc4csFGtxXk5guAh8m1.svg?ixlib=java-2.1.0&s=11e5056829ad5d6c06c5961bbe76d20c'),(8404,'SHIPACHI',132,'https://img-cdn.hltv.org/teamlogo/T1NqQbUzbpyOgPWGQBpUr3.png?ixlib=java-2.1.0&w=50&s=4711a2d52caaf2a84dfd83dfa82dd14f'),(8434,'Control',NULL,'https://img-cdn.hltv.org/teamlogo/DI-VY_xQ_dRx4hBGVJt6Ij.svg?ixlib=java-2.1.0&s=cc5fb1b447c110b07d955ddb6b028ed6'),(8504,'SJ',NULL,'https://img-cdn.hltv.org/teamlogo/Rlz5dulKftFzQdCyB0X327.png?ixlib=java-2.1.0&w=50&s=6356ba7a61320815d997d6f0d619ec7f'),(8637,'Sprout',19,'https://img-cdn.hltv.org/teamlogo/Ut8iEF66VCIbZGniMYn5jL.svg?ixlib=java-2.1.0&s=e6ae4904320fcbb566d098641e22a474'),(8668,'ORDER',47,'https://img-cdn.hltv.org/teamlogo/FjS-NrayWXg6zI8MPLprSa.png?ixlib=java-2.1.0&w=50&s=fde38f1d60b2ec0c95b76c291f5d726b'),(8704,'AGF',226,'https://img-cdn.hltv.org/teamlogo/NdgI_fWe4Do2ckD-80ePEF.svg?ixlib=java-2.1.0&s=06720fd1536a2304884af45e6b18c4b1'),(8769,'Nordavind',NULL,'https://img-cdn.hltv.org/teamlogo/8_1HadfYFVbA8J4eato51W.svg?ixlib=java-2.1.0&s=55d82f7ea4f9767d4818a0d15d458967'),(8813,'Illuminar',54,'https://img-cdn.hltv.org/teamlogo/pyjHFQrFj6WwvLiPSqdjxy.svg?ixlib=java-2.1.0&s=a0eb919d9994575b5353bbda2cd07cfd'),(8840,'Lynn Vision',104,'https://img-cdn.hltv.org/teamlogo/vO_s8NWgDhLzqFsj6p9xTt.png?ixlib=java-2.1.0&w=50&s=1fd5c4b19dd9d173c7d1981614ba0094'),(9215,'MIBR',25,'https://img-cdn.hltv.org/teamlogo/sVnH-oAf1J5TnMwoY4cxUC.png?ixlib=java-2.1.0&w=50&s=b0ef463fa0f1638bce72a89590fbaddf'),(9287,'Unique',NULL,'https://img-cdn.hltv.org/teamlogo/o6EoroDhG28QBA9Cdu1aRz.png?ixlib=java-2.1.0&w=50&s=6c29b6e1bf1e0b7c1374f35aba59e83f'),(9455,'Imperial',23,'https://img-cdn.hltv.org/teamlogo/WF5P55R5fxcmhoew6vHZQr.png?ixlib=java-2.1.0&w=50&s=ecc0a33173ed783477ab8be4cfa6e215'),(9523,'Old Guys Club',NULL,'https://img-cdn.hltv.org/teamlogo/otAIUI3gQ5FDChuYmdtH9F.png?ixlib=java-2.1.0&w=50&s=4edd850a6cccee2f1b895dba123b58f1'),(9565,'Vitality',6,'https://img-cdn.hltv.org/teamlogo/GAlByJtDTnkgbb9p_71SUL.png?ixlib=java-2.1.0&w=50&s=2838cd78a5ebb5c9fea4c485908e9dbb'),(9648,'KOVA',95,'https://img-cdn.hltv.org/teamlogo/dMdl27Qq2NllkuJSOzG9GI.png?ixlib=java-2.1.0&w=50&s=3addda2b92f11694df5cf94b9999c371'),(9735,'Lilmix',NULL,'https://img-cdn.hltv.org/teamlogo/PivV1r_I1_8u2BoxMyd4zH.svg?ixlib=java-2.1.0&s=b11d58720f2279be14920d45887bb9dd'),(9799,'Bad News Bears',74,'https://img-cdn.hltv.org/teamlogo/SWOSfGysdL3Ulw3jv0xOTC.png?ixlib=java-2.1.0&w=50&s=edd468614b96cb462e1bb68ac29f1215'),(9802,'Budapest Five',121,'https://img-cdn.hltv.org/teamlogo/eU06PcHVBT9cLawpm2Kj7I.svg?ixlib=java-2.1.0&s=df003bc7086dc4b0f07cfa688bfa1a86'),(9806,'Apeks',61,'https://img-cdn.hltv.org/teamlogo/jQNQrVkbuuI7H74d9HR8Qu.png?ixlib=java-2.1.0&w=50&s=0d6243348c864e8e4ea3125db388165b'),(9863,'FATE',NULL,'https://img-cdn.hltv.org/teamlogo/N2kh0YzH5DEk2tnOUAXtx6.png?ixlib=java-2.1.0&w=50&s=9f0542fa00872a3f0bf449aa502ef364'),(9928,'GamerLegion',NULL,'https://img-cdn.hltv.org/teamlogo/BD1c0f7YvwuXp4RLrWYnFe.svg?ixlib=java-2.1.0&s=9ffb668953d51e419065821b6c276762'),(9943,'ATK',43,'https://img-cdn.hltv.org/teamlogo/GNv19bHJI8jhNV_jUtxE55.png?ixlib=java-2.1.0&w=50&s=38277e885fc101b281e83a155d1bc4af'),(9996,'9z',22,'https://img-cdn.hltv.org/teamlogo/VHTbAzf4GXiQOriaMQdMx3.png?ixlib=java-2.1.0&w=50&s=e8dcc7da42e4bbe6cd3c76a534dae940'),(10041,'rewound',NULL,'https://img-cdn.hltv.org/teamlogo/CIHBAkLCLVqC67vr-e5t2a.png?ixlib=java-2.1.0&w=50&s=d5b8e80e07171b409e149cf57532550d'),(10096,'EXTREMUM',NULL,'https://img-cdn.hltv.org/teamlogo/M7asuwYBcpEjhtczw3ETrX.svg?ixlib=java-2.1.0&s=cf2d31348c3f89f90b2a7696a5cf5f93'),(10254,'BIG Academy',55,'https://img-cdn.hltv.org/teamlogo/jn7TgPjiSMAbYk0jeHNMqq.png?ixlib=java-2.1.0&w=50&s=c2bb5f09f9a0823fbd63e3def8dcfe11'),(10276,'Finest',21,'https://img-cdn.hltv.org/teamlogo/QigJa3m2R95rO9YHNUqInd.png?ixlib=java-2.1.0&w=50&s=19acd7e2c3aec615767b7ec04c84a66d'),(10316,'FiveG',NULL,'/img/static/team/placeholder.svg'),(10333,'Sangal',71,'https://img-cdn.hltv.org/teamlogo/zPv_FeMF8CANC10Jz32P9l.png?ixlib=java-2.1.0&w=50&s=741a13d27b484b39f24cdc76dbf80568'),(10386,'SKADE',37,'https://img-cdn.hltv.org/teamlogo/YFPiz1uP4VOVNeqWOiFaOk.svg?ixlib=java-2.1.0&s=c62371c6760322616399d6975b845c87'),(10399,'Evil Geniuses',192,'https://img-cdn.hltv.org/teamlogo/p6OXTVsTFEhOcbTJ8gmuP6.png?ixlib=java-2.1.0&w=50&s=41a619052f610fec335d17028d1f32af'),(10462,'Brazen',81,'https://img-cdn.hltv.org/teamlogo/87dGmax2jI-SehtvDVbMGp.png?ixlib=java-2.1.0&w=50&s=607c56c60f34298ead19dba2b7729d45'),(10472,'R-Stars',NULL,'https://img-cdn.hltv.org/teamlogo/5OsT0i6GvRPoV2JzSI2QWT.png?ixlib=java-2.1.0&w=50&s=27f27bcdd3b741228f66e5082e83efcc'),(10503,'OG',16,'https://img-cdn.hltv.org/teamlogo/7b6DouMNGWcqENDx1vw_Ot.png?ixlib=java-2.1.0&w=50&s=5ffc85bfbc0398d0a826590a790a08a6'),(10567,'SAW',48,'https://img-cdn.hltv.org/teamlogo/7iWEFSeqhDdqbG4U2Su9Vy.png?ixlib=java-2.1.0&w=50&s=4adccb0378e285d75db4cd2f244f6abb'),(10574,'ex-Maknitude',NULL,'/img/static/team/placeholder.svg'),(10577,'SINNERS',38,'https://img-cdn.hltv.org/teamlogo/9l_WdQSU9JsNHzpK-pwOG2.svg?ixlib=java-2.1.0&s=af432c3ef61c0c843331cc0dc2fed1ed'),(10621,'1WIN',49,'https://img-cdn.hltv.org/teamlogo/v4iuCrozhnSqN1bTS4VnzE.png?ixlib=java-2.1.0&w=50&s=c00b22316ebbe5bc825c6e6367199b3d'),(10672,'VERTEX',72,'https://img-cdn.hltv.org/teamlogo/ZPOMeV-A7jIauovhvFTlV9.png?ixlib=java-2.1.0&w=50&s=2df9ac8ae452e5ba5c9e947c55e7a2de'),(10695,'Sampi',159,'https://img-cdn.hltv.org/teamlogo/N-F0P5LybEOHXimzRL81z4.png?ixlib=java-2.1.0&w=50&s=19ff5b3e7e923c381e47da2fb635ae8e'),(10737,'HONORIS',198,'https://img-cdn.hltv.org/teamlogo/m9HCP2xt-FvdF3QktZZUaA.png?ixlib=java-2.1.0&w=50&s=e0fef36d7fa9e198d8937e0cb5891036'),(10753,'GRAFICIARZE',NULL,'/img/static/team/placeholder.svg'),(10762,'GamerS1337',NULL,'https://img-cdn.hltv.org/teamlogo/yK7PyaL-GwubYuHCVrHYCD.png?ixlib=java-2.1.0&w=50&s=ffa5515fb21e1594a008980fdd673b65'),(10806,'Golden Knights',NULL,'/img/static/team/placeholder.svg'),(10831,'Entropiq',34,'https://img-cdn.hltv.org/teamlogo/_x9xMubeeb-fqq_21BJ6Fd.png?ixlib=java-2.1.0&w=50&s=3ab3a2cbfb2ed2e30c1a71ca8113ae39'),(10833,'Deportivo',NULL,'/img/static/team/placeholder.svg'),(10847,'After',NULL,'https://img-cdn.hltv.org/teamlogo/u0Ik1L2xhEGdUL4vZNbIMr.png?ixlib=java-2.1.0&w=50&s=bef78e7e733e7340d6938994d778c92e'),(10851,'Wings Up',69,'https://img-cdn.hltv.org/teamlogo/QpqLapiHP2lXOoYLiieXPA.png?ixlib=java-2.1.0&w=50&s=a7ac8aa63c31e93d7cfb427932eabce2'),(10860,'TSG',NULL,'https://img-cdn.hltv.org/teamlogo/QY4wZ4ySB2F7A6t5otZ1lm.png?ixlib=java-2.1.0&w=50&s=2655fd1236d63b2773a2145258799209'),(10867,'MASONIC',51,'https://img-cdn.hltv.org/teamlogo/LXy16DLCLqmbZWSr4RxeQu.svg?ixlib=java-2.1.0&s=dcd79250b3b5e2e757a89b7c27c6770d'),(10869,'UBITEAM',NULL,'https://img-cdn.hltv.org/teamlogo/B9OZVWYwOGHxHXws5aITv9.png?ixlib=java-2.1.0&w=50&s=500e5af2e7a3059d987518355f29ef22'),(10873,'Enterprise',44,'https://img-cdn.hltv.org/teamlogo/EF6aHVHOCQwxWbvYHmZglu.png?ixlib=java-2.1.0&w=50&s=585d0854875fc1882538cfd317391405'),(10888,'EC Kyiv',52,'https://img-cdn.hltv.org/teamlogo/60S7YWRCX3UFP2W-B0QK3N.png?ixlib=java-2.1.0&w=50&s=77c7d09a6e76ee64ad69ba19a02c067e'),(10894,'Case',177,'https://img-cdn.hltv.org/teamlogo/mk0eycjclCIAqaZZ0kA3o3.png?ixlib=java-2.1.0&w=50&s=8cd5ebabd4c4089981bce7b7470c64cb'),(10918,'NAVI Youth',NULL,'https://img-cdn.hltv.org/teamlogo/l9eFFeO8I4HZmAvCKVq6xY.svg?ixlib=java-2.1.0&s=0d54918998a1b8fa211cfeb73c0890ec'),(10942,'Oilers',84,'https://img-cdn.hltv.org/teamlogo/OrQUfDLDZxhIzw8ZTl3wD7.png?ixlib=java-2.1.0&w=50&s=518fe76d0f2704014dd19d971952ef3d'),(10943,'777',91,'https://img-cdn.hltv.org/teamlogo/Nj4UFYD0f_vEAoFEFWwaJf.png?ixlib=java-2.1.0&w=50&s=810f73bf56a6cdcbb28130a5af589684'),(10944,'VRTX',NULL,'https://img-cdn.hltv.org/teamlogo/ftxYJFvkWaydmNpPPatGYD.png?ixlib=java-2.1.0&w=50&s=99560a193408545936e340946aebbf4a'),(10954,'Astralis Talent',97,'https://img-cdn.hltv.org/teamlogo/CjJ724E0EVB8cIXAVmwi5w.svg?ixlib=java-2.1.0&s=41f113b08d461bee5d8673d4612811dd'),(10960,'Young Ninjas',73,'https://img-cdn.hltv.org/teamlogo/8k9HLAg6m5nbteHcqrMs6P.png?ixlib=java-2.1.0&w=50&s=f8704e29f7b7966365cb2418471ebfc9'),(10968,'cowana',50,'https://img-cdn.hltv.org/teamlogo/oMnFWspRN7CSg1plrYMfn-.png?ixlib=java-2.1.0&w=50&s=ced356cea5bccab637bebe9885fc7ce1'),(10970,'DREAM',154,'https://img-cdn.hltv.org/teamlogo/i550qAWOcTr34HXof9Ulmp.png?ixlib=java-2.1.0&w=50&s=493e9f9638a681b45b373c6018a96831'),(10973,'Anonymo',103,'https://img-cdn.hltv.org/teamlogo/CPMNyI3CHuAdN8M-UNvr04.png?ixlib=java-2.1.0&w=50&s=ff5f16b16796c9f70b2f695b10c8ef05'),(10977,'Trident',NULL,'https://img-cdn.hltv.org/teamlogo/-J8ofFm8p3fj0HLNmM79Tt.png?ixlib=java-2.1.0&w=50&s=370a9035db3f4997f8cbc12b7b62e84d'),(10978,'VELOX',193,'https://img-cdn.hltv.org/teamlogo/B9uouHJLLoYOjWLHMRrSLu.png?ixlib=java-2.1.0&w=50&s=c7fd24ebaa1cbbd2f79b4ff283bb286a'),(10995,'Boca Juniors',171,'https://img-cdn.hltv.org/teamlogo/wYyJ2itkxWfqGgheOSgrUG.png?ixlib=java-2.1.0&w=50&s=2efb48f493553765e3a4eb5515621b43'),(11001,'ONYX',107,'https://img-cdn.hltv.org/teamlogo/pK4mT_JbaVED_83p7BY492.svg?ixlib=java-2.1.0&s=df778107a58375d14c818aa3ff84d218'),(11044,'Leviatan',190,'https://img-cdn.hltv.org/teamlogo/I5QABvgR3L8Wt9PPl0DPKC.png?ixlib=java-2.1.0&w=50&s=10039458d437a80b1cab61385514fe5d'),(11045,'ASAP',NULL,'https://img-cdn.hltv.org/teamlogo/s4ASQGJZiSE9nFNbTY74xk.png?ixlib=java-2.1.0&w=50&s=78c4d9fb9976f084397a8295ac8cbb50'),(11060,'EPIC DUDES',NULL,'https://img-cdn.hltv.org/teamlogo/nDAnrxdXyLQsgu6PsSEMG1.png?ixlib=java-2.1.0&w=50&s=1256e0d246797835f6d3eda8855eb2bc'),(11081,'TCG',NULL,'/img/static/team/placeholder.svg'),(11083,'LZ',NULL,'/img/static/team/placeholder.svg'),(11094,'NewBelarus',NULL,'https://img-cdn.hltv.org/teamlogo/mApqFyIXqsXNQWUnRMZMhA.png?ixlib=java-2.1.0&w=50&s=284842c707d6affa06ed4c10dbb3169d'),(11101,'CatEvil',150,'https://img-cdn.hltv.org/teamlogo/Ea1CHMY0pJ1m-HpZV4eK0v.png?ixlib=java-2.1.0&w=50&s=0b34c7d15dbd3bd7672202d0faa59088'),(11102,'GORILLAZ',NULL,'https://img-cdn.hltv.org/teamlogo/hJxfbDJipI2RL0WeSI-hGc.png?invert=true&ixlib=java-2.1.0&sat=-100&w=50&s=275470d9061692f8cd8859b7a0379182'),(11118,'Max&BigGarlicDips',NULL,'/img/static/team/placeholder.svg'),(11135,'NKT',114,'https://img-cdn.hltv.org/teamlogo/huOqOZBP97vvUyjKQP1KBU.png?ixlib=java-2.1.0&w=50&s=038073c5b5c026774fc6ede477aa8915'),(11136,'FreeTON',NULL,'https://img-cdn.hltv.org/teamlogo/wes-F51MF4ER9OnTMq3XIC.png?ixlib=java-2.1.0&w=50&s=7e77dccea714bad067a88330ed143640'),(11164,'Into the Breach',80,'https://img-cdn.hltv.org/teamlogo/ke_IIdsaEXft08hACtezmd.png?ixlib=java-2.1.0&w=50&s=85fe0988803b918b06bb939dcafe43a9'),(11176,'MOUZ NXT',42,'https://img-cdn.hltv.org/teamlogo/RfR1zmFJ0eP08VmFb6UOu3.png?ixlib=java-2.1.0&w=50&s=051cbffad4d1c25468d83abee6f4fe23'),(11219,'INDE IRAE',76,'https://img-cdn.hltv.org/teamlogo/J7evH0ai3QGjkdQZkOT8rn.png?ixlib=java-2.1.0&w=50&s=ce34f2d2fdaa78a19c32664cb2c722fa'),(11240,'allStars',158,'https://img-cdn.hltv.org/teamlogo/38J2TV5jkisAKIimLNZlhN.png?ixlib=java-2.1.0&w=50&s=a81c998b9190ba79e95116a5011a19aa'),(11241,'B8',57,'https://img-cdn.hltv.org/teamlogo/O6nRWTCjUzBAR4pcOcrpSG.png?ixlib=java-2.1.0&w=50&s=305dde82e764725dab7e626800328137'),(11245,'X Gamer',NULL,'https://img-cdn.hltv.org/teamlogo/bChkDKzvLu5eJyCIWXlPiq.png?ixlib=java-2.1.0&w=50&s=09eb4f42fa98fc33abbcb79af3a85634'),(11251,'Eternal Fire',27,'https://img-cdn.hltv.org/teamlogo/6NVm0Bx_x0--YcQ9d5qBLR.png?ixlib=java-2.1.0&w=50&s=4029d9ca0adbacdfe7f6eac8f5c35482'),(11254,'ONET4P',100,'https://img-cdn.hltv.org/teamlogo/lxJdc-3BjU-ar3RfBPBjTm.png?ixlib=java-2.1.0&w=50&s=7665f2f37d4e8a11f4475fdf79ce6cd6'),(11259,'Moralezz',NULL,'https://img-cdn.hltv.org/teamlogo/gE6Mz7Txlki3SizDCZF1ks.png?ixlib=java-2.1.0&w=50&s=7fad4c4af2286b92e20cbffbf9b0441d'),(11273,'Steel Helmet',NULL,'https://img-cdn.hltv.org/teamlogo/lwEBvs9wWfIPi8d0E-U58H.png?ixlib=java-2.1.0&w=50&s=d480a55d6f41d72c2541a01eabb702b8'),(11283,'Falcons',30,'https://img-cdn.hltv.org/teamlogo/7WIZlXAcRA26npVsS8n9rl.png?ixlib=java-2.1.0&w=50&s=0ad167aa20395f18039d0954cbf127cf'),(11298,'Strife',62,'https://img-cdn.hltv.org/teamlogo/BVcE8GuSGIzpFs-eqf1So5.png?ixlib=java-2.1.0&w=50&s=1277c3ca710246d381ebdc93e2ca6d5a'),(11309,'00NATION',18,'https://img-cdn.hltv.org/teamlogo/3IGXWcz1wVBRrMZ9xOxT4r.png?ixlib=java-2.1.0&w=50&s=821e706e53678cb95db04d3e37019a68'),(11330,'MayBe',NULL,'/img/static/team/placeholder.svg'),(11371,'xDDDD',123,'/img/static/team/placeholder.svg'),(11385,'Run or Die',NULL,'https://img-cdn.hltv.org/teamlogo/peKgJ1WzqlG9hgNjWqYnbA.png?ixlib=java-2.1.0&w=50&s=e16b1d453051d3ba95cc4557152bf303'),(11386,'0to100',184,'https://img-cdn.hltv.org/teamlogo/eiGFutIqzlakTACQ_sNddo.png?ixlib=java-2.1.0&w=50&s=86cdc9e38d02e33620adb8b41669815d'),(11387,'UNGENTIUM',60,'https://img-cdn.hltv.org/teamlogo/xz9NlA3V6drorLSHJSgaCy.png?ixlib=java-2.1.0&w=50&s=11a648aeaf65c920d4cb3e1c95e0e494'),(11401,'Savage',NULL,'https://img-cdn.hltv.org/teamlogo/yh-GUwYaAwwMsKwsEKs649.png?ixlib=java-2.1.0&w=50&s=f0cd241335d6830b2ddf1b1b7157bedc'),(11419,'ECSTATIC',36,'https://img-cdn.hltv.org/teamlogo/-Wa4og1Vm7ZxJesd3xbnUu.png?ixlib=java-2.1.0&w=50&s=3685491e9a4a1c9db60d16e4e973be75'),(11420,'Los Grandes',160,'https://img-cdn.hltv.org/teamlogo/FCaxRvP8b90UVTm9ZyBhz1.png?ixlib=java-2.1.0&w=50&s=d62fe2a85114d26b9bdfdb4b70d5e73b'),(11463,'Doge Soldiers',NULL,'https://img-cdn.hltv.org/teamlogo/K7bqZnbmjx4aD-owoHALrc.png?ixlib=java-2.1.0&w=50&s=df1e8bd05f66082b14f1537aa5bab5f8'),(11480,'GUESS',NULL,'/img/static/team/placeholder.svg'),(11501,'HEET',24,'https://img-cdn.hltv.org/teamlogo/AjqeTZmRBevRSRD57V8R8B.png?ixlib=java-2.1.0&w=50&s=a2c30dbbf1d19d01d9e8dd5e7b621adb'),(11514,'Rare Atom',26,'https://img-cdn.hltv.org/teamlogo/CH9I3Xh0tW94uEN1BMe9Pu.png?ixlib=java-2.1.0&w=50&s=fda7c0e83d4889a4164b99316b8f358f'),(11518,'Bad News Eagles',28,'https://img-cdn.hltv.org/teamlogo/vinm_rDyYrRmG6QnRISxCK.png?ixlib=java-2.1.0&w=50&s=1c4347c36dea5d035caa2538e2fc4cce'),(11520,'temp',140,'/img/static/team/placeholder.svg'),(11525,'KTRL',145,'https://img-cdn.hltv.org/teamlogo/ZDpd467hYrpZTSBlLVOaEZ.png?ixlib=java-2.1.0&w=50&s=508eeafb97e4d17f2495066b08a575c5'),(11536,'ex-AGF',NULL,'/img/static/team/placeholder.svg'),(11542,'YK',110,'https://img-cdn.hltv.org/teamlogo/-2KUyEeR7KhPZdNXcx9tC4.png?ixlib=java-2.1.0&w=50&s=b611d41690b1eeada2f58081946977c8'),(11544,'WDNMD',NULL,'/img/static/team/placeholder.svg'),(11558,'DGG',149,'https://img-cdn.hltv.org/teamlogo/W4Doz9KSZ_gfACtROXoo6X.png?ixlib=java-2.1.0&w=50&s=6a820c7a4e1071fa5db498e7fd2056ab'),(11562,'Tokyo Revengers',93,'/img/static/team/placeholder.svg'),(11567,'B4',108,'https://img-cdn.hltv.org/teamlogo/omaaAC3ntgcDhLeb31d92B.png?ixlib=java-2.1.0&w=50&s=38f4e4fb97bdec7c443db64dd1f42d16'),(11569,'Fourteen',NULL,'https://img-cdn.hltv.org/teamlogo/Rd-HLyUPlpQEMRbWMLbBiF.png?ixlib=java-2.1.0&w=50&s=2f51d7df458cdaca6ed11c50caef00e6'),(11570,'WinX',199,'/img/static/team/placeholder.svg'),(11571,'Gaimin Gladiators',53,'https://img-cdn.hltv.org/teamlogo/nnUUng-EKdho6MRIhK3-5N.png?ixlib=java-2.1.0&w=50&s=c586546866230a714d618f68027169ec'),(11585,'IHC',64,'https://img-cdn.hltv.org/teamlogo/RELZqHNwABoCDW8mpf2mII.png?ixlib=java-2.1.0&w=50&s=8ab1f76c3ef361621097f1ad14b44f95'),(11595,'Outsiders',17,'https://img-cdn.hltv.org/teamlogo/K15IzjKuVPxnoWr3J3-tJ7.png?ixlib=java-2.1.0&w=50&s=d87bd1cf1f3835f152b363eecd95e3fe'),(11599,'BHOP',77,'/img/static/team/placeholder.svg'),(11615,'Gravity 0',NULL,'https://img-cdn.hltv.org/teamlogo/W1_poh1A7pffQj7XfzZj9Q.png?ixlib=java-2.1.0&w=50&s=c4b0f963cfff9da07e1a79c815e42c26'),(11621,'Impression',176,'/img/static/team/placeholder.svg'),(11624,'Antic',229,'https://img-cdn.hltv.org/teamlogo/-L-80mMVG1ZmmElZaM2Lc-.png?ixlib=java-2.1.0&w=50&s=2bd7c4f2e8b916076765d078d664ee82'),(11636,'Aftershock',128,'https://img-cdn.hltv.org/teamlogo/dh3igCloNDQwYu1DnXfCAK.png?ixlib=java-2.1.0&w=50&s=036e30918b63287066a0efc2f2d81c0d'),(11665,'ex-MAD Lions',29,'/img/static/team/placeholder.svg'),(11672,'OG Academy',89,'https://img-cdn.hltv.org/teamlogo/nlEp7tmiazGi7_JzdpXEyA.png?ixlib=java-2.1.0&w=50&s=7a2c97c51d434a1d53e3e458040c252b'),(11699,'BakS',182,'https://img-cdn.hltv.org/teamlogo/0C9TLuYU7xRsidTW-jwbpv.svg?ixlib=java-2.1.0&s=b57a6deb8d320ef3344994a7b554b62e'),(11712,'Sashi',148,'https://img-cdn.hltv.org/teamlogo/EgAEdnawMjnHr5QiA7wll2.png?ixlib=java-2.1.0&w=50&s=e29d1baa30a5171b48107bc1ec80a1f2'),(11716,'Iron Branch',63,'https://img-cdn.hltv.org/teamlogo/OrnhLrtQST4UU5nUJw16R0.png?ixlib=java-2.1.0&w=50&s=b13ba1e3f9dfb8a4553a085f61952225'),(11726,'Encore',59,'https://img-cdn.hltv.org/teamlogo/9uUHm7ypY26rIbALvBzHSR.png?ixlib=java-2.1.0&w=50&s=6aa8ab3595ad51134ce264d972f1c966'),(11734,'EG.PA',56,'https://img-cdn.hltv.org/teamlogo/p6OXTVsTFEhOcbTJ8gmuP6.png?ixlib=java-2.1.0&w=50&s=41a619052f610fec335d17028d1f32af'),(11735,'EG.CD',58,'https://img-cdn.hltv.org/teamlogo/p6OXTVsTFEhOcbTJ8gmuP6.png?ixlib=java-2.1.0&w=50&s=41a619052f610fec335d17028d1f32af'),(11737,'EYEBALLERS',94,'https://img-cdn.hltv.org/teamlogo/3-Mfc-yWBTls8MPSEFhma5.png?invert=true&ixlib=java-2.1.0&sat=-100&w=50&s=2ffde3e377d01663937bf08b74d2057b'),(11743,'FLET',79,'/img/static/team/placeholder.svg'),(11759,'KJlACCHblE',NULL,'/img/static/team/placeholder.svg'),(11768,'ODDIK',92,'https://img-cdn.hltv.org/teamlogo/vpWs2bh24DJ8mqXotmXCJM.png?ixlib=java-2.1.0&w=50&s=415cf2a5a2ef2c318943b5bc53b38681'),(11771,'TAG',87,'https://img-cdn.hltv.org/teamlogo/OuoZr0gUxvN-08E320urSE.png?invert=true&ixlib=java-2.1.0&sat=-100&w=50&s=f3a7f028c4c1349a14598a92f69054c2'),(11773,'Arvum',172,'https://img-cdn.hltv.org/teamlogo/G0LXAN9xGbewZYe9CVkFDw.png?ixlib=java-2.1.0&w=50&s=6f0861b43d6ff8fd6652da15f36768e9'),(11788,'Neon Rangers',195,'https://img-cdn.hltv.org/teamlogo/USvIEx1lMEOJeuMVDd442a.png?ixlib=java-2.1.0&w=50&s=c4de4be42c8a9ee145422295cae636b2'),(11800,'NeedDOCTOR',NULL,'/img/static/team/placeholder.svg'),(11801,'Cossacks',111,'/img/static/team/placeholder.svg'),(11810,'BeyondPossible',173,'/img/static/team/placeholder.svg'),(11813,'ex-4glory',NULL,'/img/static/team/placeholder.svg'),(11814,'Corinthians',NULL,'/img/static/team/placeholder.svg');
/*!40000 ALTER TABLE `team` ENABLE KEYS */;
UNLOCK TABLES;
/*!40103 SET TIME_ZONE=@OLD_TIME_ZONE */;

/*!40101 SET SQL_MODE=@OLD_SQL_MODE */;
/*!40014 SET FOREIGN_KEY_CHECKS=@OLD_FOREIGN_KEY_CHECKS */;
/*!40014 SET UNIQUE_CHECKS=@OLD_UNIQUE_CHECKS */;
/*!40101 SET CHARACTER_SET_CLIENT=@OLD_CHARACTER_SET_CLIENT */;
/*!40101 SET CHARACTER_SET_RESULTS=@OLD_CHARACTER_SET_RESULTS */;
/*!40101 SET COLLATION_CONNECTION=@OLD_COLLATION_CONNECTION */;
/*!40111 SET SQL_NOTES=@OLD_SQL_NOTES */;

-- Dump completed on 2022-07-29 22:50:53
